Column1,Column2,Column3,Column4,Column5,Column6,Column7,Column8,Column9,Column10,Column11,Column12,Column13,Column14,Column15,Column16,Column17,Column18,Column19,Column20,Column21,Column22,Column23,Column24,Column25,Column26,Column27,Column28,Column29,Column30,Column31,Column32,Column33,Column34,Column35,Column36,Column37,Column38,Column39,Column40,Column41,Column42,Column43,Column44,Column45,Column46,Column47,Column48,Column49,Column50,Column51,Column52,Column53,Column54,Column55,Column56,Column57,Column58,Column59,Column60,Column61,Column62,Column63,Column64,Column65,Column66,Column67,Column68,Column69,Column70,Column71,Column72,Column73,Column74,Column75,Column76,Column77,Column78,Column79,Column80,Column81,Column82,Column83,Column84,Column85
label_exp,seg_exp_1_calibrated,seg_exp_1_calibrated,seg_exp_1_calibrated,seg_exp_1_calibrated,seg_exp_1_calibrated,seg_exp_1_calibrated,seg_exp_1_calibrated,seg_exp_1_calibrated,seg_exp_1_calibrated,seg_exp_1_calibrated,seg_exp_1_calibrated,seg_exp_1_calibrated,seg_exp_1_calibrated,seg_exp_1_calibrated,seg_exp_1_calibrated,seg_exp_1_calibrated,seg_exp_1_calibrated,seg_exp_1_calibrated,seg_exp_1_calibrated,seg_exp_1_calibrated,seg_exp_1_calibrated,seg_exp_1_calibrated,seg_exp_1_calibrated,seg_exp_1_calibrated,seg_exp_1_calibrated,seg_exp_1_calibrated,seg_exp_1_calibrated,seg_exp_1_calibrated,seg_exp_1_calibrated,seg_exp_1_calibrated,seg_exp_1_calibrated,seg_exp_1_calibrated,seg_exp_1_calibrated,seg_exp_1_calibrated,seg_exp_1_calibrated,seg_exp_1_calibrated,seg_exp_1_calibrated,seg_exp_1_calibrated,seg_exp_1_calibrated,seg_exp_1_calibrated,seg_exp_1_calibrated,seg_exp_1_calibrated,seg_exp_1_calibrated,seg_exp_1_calibrated,seg_exp_1_calibrated,seg_exp_1_calibrated,seg_exp_1_calibrated,seg_exp_1_calibrated,seg_exp_1_calibrated,seg_exp_1_calibrated,seg_exp_1_calibrated,seg_exp_1_calibrated,seg_exp_1_calibrated,seg_exp_1_calibrated,seg_exp_1_calibrated,seg_exp_1_calibrated,seg_exp_1_calibrated,seg_exp_1_calibrated,seg_exp_1_calibrated,seg_exp_1_calibrated,seg_exp_1_calibrated,seg_exp_1_calibrated,seg_exp_1_calibrated,seg_exp_1_calibrated,seg_exp_1_calibrated,seg_exp_1_calibrated,seg_exp_1_calibrated,seg_exp_1_calibrated,seg_exp_1_calibrated,seg_exp_1_calibrated,seg_exp_1_calibrated,seg_exp_1_calibrated,seg_exp_1_calibrated,seg_exp_1_calibrated,seg_exp_1_calibrated,seg_exp_1_calibrated,seg_exp_1_calibrated,seg_exp_1_calibrated,seg_exp_1_calibrated,seg_exp_1_calibrated,seg_exp_1_calibrated,seg_exp_1_calibrated,seg_exp_1_calibrated,seg_exp_1_calibrated
well,A1,A1,A2,A2,A3,A3,A4,A4,A5,A5,A6,A6,A7,A7,B1,B1,B2,B2,B3,B3,B4,B4,B5,B5,B6,B6,B7,B7,C1,C1,C2,C2,C3,C3,C4,C4,C5,C5,C6,C6,C7,C7,D1,D1,D2,D2,D3,D3,D4,D4,D5,D5,D6,D6,D7,D7,E1,E1,E2,E2,E3,E3,E4,E4,E5,E5,E6,E6,E7,E7,F1,F1,F2,F2,F3,F3,F4,F4,F5,F5,F6,F6,F7,F7
model,HPM_exp,logistic,HPM_exp,logistic,HPM_exp,logistic,HPM_exp,logistic,HPM_exp,logistic,HPM_exp,logistic,logistic,logistic,HPM_exp,logistic,HPM_exp,logistic,HPM_exp,logistic,HPM_exp,logistic,HPM_exp,logistic,HPM_exp,logistic,HPM_exp,logistic,HPM_exp,logistic,HPM_exp,logistic,HPM_exp,logistic,HPM_exp,logistic,HPM_exp,logistic,HPM_exp,logistic,HPM_exp,logistic,HPM_exp,logistic,HPM_exp,logistic,HPM_exp,logistic,HPM_exp,logistic,HPM_exp,logistic,HPM_exp,logistic,HPM_exp,logistic,HPM_exp,logistic,HPM_exp,logistic,HPM_exp,logistic,HPM_exp,logistic,HPM_exp,logistic,HPM_exp,logistic,HPM_exp,logistic,HPM_exp,logistic,HPM_exp,logistic,HPM_exp,logistic,HPM_exp,logistic,HPM_exp,logistic,HPM_exp,logistic,HPM_exp,logistic
param_1,0.4999999999999999,0.3628324379623435,0.5,0.4111441874540526,0.5,0.4970965825871084,0.4999999999999997,0.46301287630966215,0.4999999999999998,0.40845041422154565,0.34757477508314794,0.3930304546090319,1.0183498920717066e-5,0.4499108062474461,0.5,0.36405175127577205,0.49999999999999994,0.45058474176918684,0.4999999999999998,0.4243146885129743,0.5,0.3843902592312199,0.4999999999999992,0.38185311368115527,0.34029895461953197,0.4052310791943624,0.2169824984208025,0.3495594775457704,0.5,0.35740500248142293,0.5,0.46781828454841806,0.4999999999999999,0.445015915632664,0.4999999999999999,0.40410206855060227,0.4856600701774849,0.3613297376951218,0.3186839437132797,0.3957008463271895,0.26151924129187176,0.3653191621580137,0.4999999999999998,0.4151312808929831,0.4999999999999998,0.4892120000764367,0.5,0.42328090184400885,0.5,0.4440613682939205,0.49999999999999994,0.3898022154465282,0.37107968257994134,0.3989436106539903,0.31748726149518147,0.39243192325962056,0.5,0.4777309228253775,0.5,0.45645824951535185,0.5,0.42276945723232584,0.4999999999999999,0.3781186184913165,0.4999999999999999,0.38847026780458793,0.3732392516110697,0.408408782170224,0.2670224644005635,0.28334051356724865,0.49999999999999994,0.4453302691276529,0.49999999999999983,0.41369541936741616,0.5,0.4560909676279532,0.4999999999999999,0.4250551133474617,0.4999999999999999,0.42836722303087416,0.3429037561650807,0.42084685587697745,0.32450651424723126,0.39049545944220276
param_2,0.1289006415962805,1.0802465715624883,0.14393255982689698,0.5989931157743162,0.18300925276068267,0.2739678315805258,0.18041621891002182,0.15267130936746942,0.15892690278744928,0.08990754381289101,0.2970663982521242,0.056857925423628164,0.011381185010155259,0.03490509444725152,0.45062763269940204,1.0854566860286299,0.27648737758800507,0.5718412209689016,0.29901387317721934,0.2857600296157958,0.21682721090111204,0.15691739022807494,0.1901899793953472,0.09110260620509297,0.48610614068748403,0.054155376007514716,1.3426118662883677,0.0375143812325147,0.2957294327566861,1.0853952209609021,0.26082308279831945,0.564645065990839,0.2512292755815838,0.28476231844758454,0.18474489617014164,0.15563815991429014,0.20391528892896374,0.09037664623909589,0.7199436673727514,0.052889035695249074,1.2766353154150285,0.03389834972700302,0.17180867646941764,1.0277511911567707,0.37907179053463913,0.5377293677581839,0.3123997456994392,0.2865879886852263,0.2801121023474698,0.15294577322926664,0.23855280872281764,0.08779887711207245,0.45789575611751265,0.05090262842539524,0.5842023373148538,0.0314647180039038,0.4172289736613536,1.0073874705411543,0.09870785715859812,0.5525067728743092,0.4425962182919244,0.282588219677429,0.2404817537839288,0.15234283052305433,0.19588268604276327,0.08494403616214648,0.635743815532998,0.047970604805739996,0.9792637524131906,0.03311326257790509,0.6725482701179955,1.0091220447632936,0.3791457274927505,0.5587193580444938,0.4509909210383217,0.28221379530813373,0.2682803509488226,0.15011846909822918,0.2006758115168592,0.0871293360425567,0.5163135179434472,0.051810109829544586,0.6948222407048217,0.030527054206528743
th_gr,0.4939900445110925,0.12102712628949931,0.48677065317375556,0.17798748858463234,0.48399905377767827,0.16970719523098932,0.4703206114074847,0.14847802550335687,0.4402032302892739,0.12695760276987486,0.3045749236805925,0.11636554184112038,0.0,0.27206329506836396,0.49982313575776666,0.1283834415502375,0.4970431378385163,0.1801306308412802,0.4947630543686942,0.1477128921872602,0.4802237723288634,0.1186633813898021,0.4543193401497789,0.11911115259057323,0.3231294036639402,0.13149628463363275,0.21593001620138638,0.0879108223396437,0.49916528650879366,0.12773828966120168,0.49652668447080284,0.1846243986258093,0.49188925612469697,0.15489432723481966,0.47333359075385695,0.12421530107421523,0.4465434804749185,0.10828051023206596,0.31406398247122325,0.12275007589331548,0.25986692033616315,0.10588822246162864,0.4955612552093576,0.13833743655468395,0.4987036676672831,0.18785468489318882,0.49453779413599713,0.14143569203197248,0.4855610093684277,0.1444672612228108,0.46422723031364105,0.12326224148936556,0.3497600773209926,0.12976175240441956,0.2866731927308418,0.12247632560692011,0.4997054205540903,0.1624411318573595,0.47343061310855716,0.17919974873742464,0.4981406978732874,0.1415853693246438,0.4814650750395319,0.11660584144234654,0.4503951462129259,0.12075224727248345,0.3631443168543898,0.14521438322240962,0.26330184874950235,0.07658304629296503,0.5000061004782207,0.1507833288204372,0.4987045760255282,0.172752303261221,0.4980794782216451,0.15807393180241444,0.48412921347178733,0.13710990809608026,0.4490361907064057,0.14052751960149606,0.32538094271582696,0.13478720038189815,0.29578447034822536,0.13572883311894077
em_gr,0.6565356162211149,0.18928383475924865,0.6313543592008777,0.311867676900964,0.613717924784356,0.3024941640540495,0.6331405987350451,0.27043100673390735,0.5553381627127165,0.22119377009697216,0.3678114059402273,0.18165202577956785,-2.485099053752883e-15,0.302050995402363,0.6701031379750803,0.22313411667592795,0.6279051542400236,0.31681033579448215,0.6325602312250748,0.27272254501993465,0.6246015166584954,0.21616774618794155,0.5787457121745733,0.19954791661477309,0.3991891633022881,0.2047110247769177,0.24945717281070331,0.12090315506017409,0.6850455400391804,0.2125086155726299,0.6301956726245665,0.32528786894030215,0.6328767866967743,0.28764345408327985,0.6120530254625539,0.2256730043656204,0.5496468177314814,0.17437406791765714,0.3944053628252047,0.18549447787274667,0.2677952291931748,0.1512187409997246,0.6532520087015596,0.23944018648801435,0.6399450534067465,0.30789438177550416,0.6421427269853409,0.2623878724174285,0.6440751611073109,0.2683021446804817,0.5842113487412859,0.21700117189451396,0.4269479026369063,0.20446699828959686,0.37784289090187023,0.16966199760664527,0.6579147343951814,0.273368599480562,0.6192464590947507,0.2637090447251516,0.6622441490596017,0.2613923227664142,0.622534085863476,0.20994783413089685,0.5788136698736231,0.20898006887481704,0.4539369623264574,0.23945792230905066,0.3236768336841453,0.09696393799683112,0.6570407848749996,0.2527499462336671,0.6477285987706292,0.2865516614073502,0.6656362238345297,0.3008522225900392,0.6426485215848259,0.25370465531228414,0.5857634437592817,0.2510293666870671,0.3969213937085448,0.20432839615553483,0.34794085749916975,0.20622284114079706
loss,0.0002431843858009854,0.0002400054486210244,6.768753986011025e-5,0.0001120549034924985,1.8640588983495935e-5,3.894896782677883e-5,5.749754000718286e-6,9.390952108632979e-6,8.907723544159609e-7,2.112426526160512e-6,1.3580865414387827e-7,6.039842416543447e-7,4.486814917314638e-34,3.261856473513917e-7,0.00034507971028634144,0.0003368456213325338,8.590383333171436e-5,0.00015026582579709906,2.785377453862813e-5,3.912379401311986e-5,6.7384463889618956e-6,6.37472970628521e-6,1.4612942200863883e-6,1.8871604091809353e-6,2.1128368443057215e-7,7.008171924137054e-7,5.913195776989293e-8,1.6841222679192155e-7,0.0003661453849569978,0.0002860151281847781,8.795271657376978e-5,0.00017032819231912587,2.701616150648871e-5,4.365198882652124e-5,6.472941033521984e-6,7.033751527456021e-6,1.4782987839252554e-6,1.4295465390838797e-6,1.710595437834975e-7,5.136967288098905e-7,4.348008018357088e-9,2.0258075144269028e-7,0.000326367891776754,0.000373036326750585,9.788405091981017e-5,0.00013254958565645997,3.511417694084044e-5,3.701500797626056e-5,8.316983481324943e-6,1.0897513608114707e-5,1.0295088753066369e-6,1.9440825756894833e-6,1.859045812323207e-7,6.410013020709249e-7,1.1003578908370124e-7,2.7315225082373927e-7,0.0003493275929807742,0.0004534757474152623,7.66610603212212e-5,7.493130780750274e-5,4.003859145907316e-5,3.712604901328233e-5,7.442002820501804e-6,5.550283213386896e-6,9.580953360688458e-7,1.778128975890291e-6,1.8179884836198856e-7,6.798688406182405e-7,9.917849437019401e-8,1.0556854346605702e-7,0.0003471445372070538,0.00037175067904611834,0.00010124349057168987,8.977750265718433e-5,3.665584714293426e-5,4.704933200696562e-5,7.56134561122291e-6,8.51005042030774e-6,9.718453270044545e-7,2.7044889422347328e-6,2.151056752863605e-7,6.408743587885933e-7,7.81395555788777e-8,2.0420070717207984e-7
segment,1,2,1,2,1,2,1,2,1,2,1,2,1,2,1,2,1,2,1,2,1,2,1,2,1,2,1,2,1,2,1,2,1,2,1,2,1,2,1,2,1,2,1,2,1,2,1,2,1,2,1,2,1,2,1,2,1,2,1,2,1,2,1,2,1,2,1,2,1,2,1,2,1,2,1,2,1,2,1,2,1,2,1,2
