"Time","A1","A2","A3","A4","A5","A6","A7","A8","B1","B2","B3","B4","B5","B6","B7","B8","C1","C2","C3","C4","C5","C6","C7","C8","D1","D2","D3","D4","D5","D6","D7","D8","E1","E2","E3","E4","E5","E6","E7","E8","F1","F2","F3","F4","F5","F6","F7","F8"
0.0761111111111111,0.089,0.087,0.094,0.093,0.093,0.092,0.086,0.084,0.092,0.093,0.094,0.093,0.095,0.095,0.093,0.093,0.094,0.093,0.102,0.093,0.094,0.094,0.093,0.094,0.094,0.093,0.094,0.093,0.094,0.094,0.095,0.095,0.094,0.092,0.092,0.093,0.095,0.094,0.094,0.097,0.095,0.095,0.094,0.096,0.095,0.093,0.093,0.093
0.1761111111111111,0.089,0.087,0.094,0.093,0.093,0.092,0.086,0.084,0.092,0.093,0.094,0.093,0.094,0.094,0.093,0.093,0.094,0.093,0.101,0.093,0.094,0.093,0.093,0.094,0.094,0.093,0.094,0.093,0.094,0.094,0.094,0.095,0.094,0.092,0.092,0.093,0.095,0.094,0.094,0.098,0.095,0.095,0.094,0.096,0.095,0.093,0.093,0.093
0.2761111111111111,0.089,0.087,0.094,0.094,0.093,0.092,0.086,0.084,0.092,0.093,0.094,0.093,0.095,0.095,0.093,0.093,0.094,0.093,0.102,0.094,0.094,0.094,0.093,0.094,0.094,0.093,0.094,0.093,0.094,0.094,0.095,0.095,0.094,0.092,0.092,0.093,0.095,0.094,0.094,0.098,0.095,0.095,0.094,0.096,0.095,0.094,0.093,0.093
0.3761111111111111,0.089,0.087,0.094,0.094,0.093,0.092,0.086,0.084,0.092,0.093,0.094,0.093,0.095,0.095,0.093,0.093,0.094,0.093,0.102,0.094,0.094,0.094,0.093,0.094,0.094,0.093,0.094,0.093,0.094,0.095,0.095,0.095,0.094,0.092,0.092,0.094,0.095,0.094,0.094,0.098,0.095,0.095,0.094,0.096,0.095,0.094,0.094,0.093
0.4761111111111111,0.089,0.087,0.094,0.094,0.093,0.093,0.086,0.084,0.092,0.093,0.094,0.094,0.095,0.095,0.093,0.093,0.094,0.093,0.102,0.094,0.095,0.094,0.093,0.094,0.094,0.093,0.094,0.093,0.095,0.095,0.095,0.095,0.095,0.092,0.092,0.094,0.095,0.095,0.094,0.098,0.095,0.095,0.094,0.096,0.095,0.094,0.094,0.094
0.5761111111111111,0.089,0.087,0.094,0.094,0.094,0.093,0.086,0.084,0.092,0.094,0.094,0.094,0.095,0.095,0.094,0.093,0.095,0.093,0.102,0.094,0.095,0.094,0.094,0.095,0.097,0.093,0.094,0.093,0.095,0.095,0.095,0.095,0.095,0.092,0.092,0.094,0.095,0.095,0.094,0.099,0.095,0.096,0.095,0.096,0.096,0.094,0.094,0.094
0.6761111111111112,0.089,0.087,0.094,0.094,0.094,0.093,0.086,0.084,0.093,0.094,0.095,0.094,0.095,0.095,0.094,0.094,0.095,0.094,0.102,0.094,0.095,0.095,0.094,0.095,0.095,0.093,0.095,0.093,0.095,0.095,0.096,0.096,0.095,0.092,0.092,0.094,0.096,0.095,0.095,0.099,0.096,0.096,0.095,0.097,0.096,0.094,0.095,0.095
0.7761111111111112,0.089,0.087,0.095,0.095,0.095,0.094,0.086,0.084,0.093,0.094,0.095,0.095,0.096,0.096,0.095,0.094,0.095,0.094,0.103,0.095,0.096,0.095,0.095,0.096,0.095,0.093,0.095,0.094,0.096,0.096,0.096,0.096,0.095,0.092,0.092,0.094,0.096,0.096,0.095,0.099,0.096,0.097,0.096,0.097,0.096,0.095,0.095,0.095
0.8761111111111112,0.089,0.087,0.095,0.095,0.095,0.094,0.086,0.084,0.093,0.095,0.095,0.095,0.096,0.097,0.095,0.095,0.096,0.095,0.103,0.095,0.096,0.096,0.095,0.096,0.095,0.094,0.095,0.094,0.096,0.096,0.097,0.097,0.095,0.092,0.092,0.095,0.097,0.096,0.096,0.1,0.097,0.097,0.096,0.098,0.097,0.095,0.096,0.095
0.9761111111111112,0.089,0.087,0.096,0.096,0.096,0.095,0.086,0.084,0.094,0.095,0.096,0.096,0.097,0.097,0.096,0.095,0.096,0.095,0.103,0.096,0.097,0.096,0.096,0.1,0.095,0.094,0.095,0.094,0.097,0.097,0.097,0.097,0.096,0.093,0.092,0.095,0.097,0.096,0.096,0.1,0.097,0.097,0.097,0.098,0.097,0.096,0.096,0.096
1.076111111111111,0.089,0.087,0.096,0.096,0.096,0.095,0.086,0.083,0.094,0.096,0.096,0.096,0.097,0.098,0.096,0.096,0.096,0.095,0.104,0.096,0.097,0.096,0.096,0.097,0.096,0.094,0.096,0.094,0.097,0.097,0.098,0.098,0.095,0.093,0.092,0.095,0.097,0.097,0.097,0.101,0.097,0.098,0.097,0.098,0.098,0.096,0.097,0.096
1.176111111111111,0.089,0.087,0.097,0.097,0.097,0.096,0.086,0.084,0.095,0.096,0.097,0.1,0.098,0.1,0.098,0.097,0.097,0.096,0.104,0.097,0.1,0.098,0.097,0.098,0.096,0.095,0.096,0.095,0.098,0.099,0.098,0.099,0.096,0.093,0.093,0.095,0.098,0.097,0.097,0.101,0.098,0.099,0.097,0.099,0.098,0.097,0.097,0.097
1.276111111111111,0.089,0.087,0.098,0.098,0.098,0.097,0.086,0.084,0.096,0.097,0.098,0.097,0.099,0.099,0.098,0.098,0.098,0.096,0.105,0.097,0.099,0.098,0.098,0.099,0.097,0.095,0.097,0.096,0.098,0.099,0.099,0.099,0.096,0.093,0.093,0.095,0.098,0.098,0.098,0.102,0.099,0.099,0.098,0.1,0.099,0.097,0.098,0.098
1.376111111111111,0.089,0.087,0.099,0.098,0.098,0.098,0.086,0.083,0.097,0.098,0.098,0.098,0.1,0.1,0.098,0.098,0.098,0.097,0.105,0.098,0.099,0.099,0.098,0.099,0.097,0.096,0.097,0.096,0.099,0.099,0.1,0.1,0.096,0.094,0.093,0.095,0.099,0.098,0.098,0.102,0.099,0.1,0.098,0.101,0.099,0.098,0.098,0.098
1.4761111111111112,0.089,0.087,0.099,0.099,0.099,0.098,0.086,0.083,0.097,0.099,0.099,0.099,0.101,0.102,0.099,0.099,0.099,0.097,0.106,0.098,0.102,0.1,0.099,0.1,0.098,0.096,0.098,0.097,0.1,0.1,0.1,0.101,0.097,0.094,0.094,0.096,0.099,0.099,0.099,0.103,0.1,0.1,0.099,0.102,0.1,0.099,0.099,0.099
1.576111111111111,0.089,0.087,0.1,0.1,0.1,0.099,0.086,0.084,0.098,0.099,0.1,0.1,0.102,0.102,0.1,0.1,0.1,0.098,0.107,0.099,0.101,0.101,0.1,0.104,0.098,0.097,0.098,0.097,0.101,0.101,0.101,0.102,0.097,0.094,0.094,0.096,0.1,0.1,0.1,0.104,0.101,0.101,0.1,0.102,0.101,0.099,0.1,0.1
1.676111111111111,0.089,0.087,0.101,0.101,0.101,0.101,0.086,0.084,0.099,0.1,0.101,0.101,0.102,0.104,0.101,0.101,0.101,0.099,0.108,0.1,0.103,0.101,0.101,0.102,0.099,0.097,0.099,0.098,0.101,0.102,0.102,0.102,0.097,0.095,0.094,0.097,0.101,0.1,0.1,0.104,0.101,0.102,0.1,0.103,0.102,0.1,0.1,0.1
1.776111111111111,0.089,0.087,0.103,0.102,0.102,0.101,0.086,0.083,0.1,0.101,0.102,0.101,0.104,0.103,0.102,0.102,0.101,0.1,0.109,0.101,0.103,0.102,0.102,0.103,0.1,0.098,0.1,0.098,0.102,0.102,0.103,0.103,0.098,0.095,0.095,0.097,0.101,0.101,0.101,0.105,0.102,0.102,0.101,0.104,0.102,0.101,0.101,0.101
1.876111111111111,0.089,0.087,0.103,0.103,0.103,0.102,0.086,0.083,0.101,0.102,0.103,0.103,0.104,0.106,0.103,0.103,0.102,0.101,0.109,0.101,0.104,0.103,0.103,0.104,0.1,0.099,0.1,0.099,0.103,0.103,0.104,0.104,0.098,0.095,0.095,0.097,0.102,0.102,0.102,0.106,0.102,0.103,0.102,0.104,0.103,0.101,0.101,0.102
1.9761111111111112,0.089,0.087,0.105,0.104,0.104,0.105,0.086,0.083,0.102,0.103,0.104,0.103,0.106,0.107,0.105,0.104,0.103,0.101,0.11,0.102,0.106,0.104,0.104,0.105,0.101,0.099,0.101,0.1,0.104,0.104,0.105,0.105,0.098,0.096,0.095,0.098,0.103,0.102,0.102,0.106,0.103,0.103,0.102,0.105,0.104,0.102,0.102,0.102
2.076111111111111,0.089,0.087,0.106,0.106,0.106,0.105,0.086,0.083,0.103,0.106,0.105,0.107,0.109,0.11,0.107,0.106,0.104,0.102,0.111,0.103,0.108,0.106,0.105,0.106,0.102,0.1,0.101,0.1,0.105,0.105,0.105,0.106,0.099,0.096,0.096,0.098,0.103,0.102,0.103,0.107,0.104,0.104,0.103,0.106,0.104,0.103,0.103,0.103
2.176111111111111,0.089,0.087,0.108,0.107,0.107,0.106,0.086,0.084,0.104,0.105,0.106,0.105,0.112,0.11,0.107,0.108,0.104,0.103,0.112,0.104,0.108,0.107,0.106,0.107,0.102,0.101,0.102,0.101,0.106,0.106,0.107,0.107,0.099,0.096,0.096,0.099,0.104,0.103,0.104,0.108,0.105,0.105,0.104,0.107,0.105,0.104,0.104,0.104
2.276111111111111,0.089,0.087,0.116,0.113,0.113,0.11,0.086,0.083,0.108,0.11,0.109,0.111,0.114,0.113,0.111,0.11,0.108,0.106,0.116,0.105,0.111,0.109,0.108,0.111,0.103,0.103,0.103,0.103,0.107,0.107,0.108,0.109,0.1,0.097,0.097,0.099,0.105,0.104,0.104,0.109,0.105,0.106,0.104,0.107,0.106,0.104,0.104,0.104
2.376111111111111,0.089,0.087,0.121,0.116,0.114,0.112,0.086,0.084,0.109,0.111,0.111,0.112,0.116,0.115,0.112,0.112,0.108,0.107,0.116,0.106,0.113,0.11,0.11,0.118,0.103,0.102,0.103,0.102,0.108,0.108,0.109,0.11,0.1,0.098,0.097,0.099,0.106,0.108,0.106,0.11,0.106,0.107,0.106,0.108,0.107,0.105,0.105,0.106
2.476111111111111,0.089,0.087,0.128,0.112,0.112,0.112,0.086,0.084,0.109,0.111,0.111,0.111,0.116,0.116,0.113,0.112,0.107,0.106,0.115,0.107,0.113,0.112,0.11,0.115,0.104,0.102,0.104,0.103,0.11,0.11,0.11,0.11,0.101,0.098,0.098,0.1,0.107,0.106,0.106,0.111,0.107,0.108,0.106,0.109,0.108,0.106,0.106,0.107
2.576111111111111,0.089,0.087,0.129,0.117,0.116,0.114,0.086,0.083,0.11,0.112,0.112,0.114,0.119,0.118,0.115,0.113,0.108,0.107,0.115,0.108,0.115,0.113,0.112,0.114,0.105,0.103,0.105,0.103,0.11,0.11,0.111,0.111,0.101,0.098,0.099,0.1,0.107,0.107,0.107,0.111,0.108,0.108,0.107,0.11,0.109,0.107,0.107,0.107
2.676111111111111,0.089,0.087,0.128,0.122,0.12,0.115,0.086,0.084,0.112,0.118,0.113,0.123,0.12,0.119,0.116,0.115,0.11,0.108,0.117,0.109,0.116,0.114,0.113,0.115,0.105,0.104,0.106,0.104,0.111,0.112,0.112,0.113,0.102,0.099,0.099,0.101,0.108,0.107,0.108,0.112,0.109,0.109,0.108,0.111,0.11,0.108,0.115,0.108
2.776111111111111,0.089,0.087,0.125,0.123,0.119,0.118,0.086,0.084,0.115,0.12,0.116,0.123,0.121,0.121,0.118,0.117,0.11,0.109,0.118,0.11,0.117,0.115,0.115,0.116,0.106,0.105,0.106,0.105,0.113,0.113,0.113,0.114,0.102,0.099,0.099,0.102,0.109,0.108,0.109,0.113,0.11,0.11,0.109,0.112,0.11,0.109,0.109,0.109
2.876111111111111,0.089,0.088,0.125,0.124,0.125,0.121,0.086,0.084,0.119,0.125,0.117,0.127,0.125,0.124,0.121,0.12,0.113,0.111,0.122,0.111,0.119,0.117,0.117,0.119,0.107,0.105,0.107,0.106,0.114,0.114,0.115,0.115,0.102,0.1,0.099,0.102,0.11,0.109,0.11,0.115,0.111,0.111,0.11,0.113,0.111,0.11,0.11,0.111
2.976111111111111,0.089,0.087,0.126,0.125,0.125,0.124,0.086,0.083,0.118,0.121,0.118,0.125,0.126,0.125,0.122,0.121,0.114,0.113,0.121,0.112,0.12,0.119,0.118,0.12,0.107,0.106,0.108,0.107,0.115,0.115,0.116,0.116,0.103,0.1,0.1,0.102,0.111,0.11,0.111,0.115,0.112,0.112,0.111,0.114,0.112,0.111,0.111,0.111
3.076111111111111,0.089,0.087,0.128,0.127,0.126,0.126,0.086,0.084,0.121,0.123,0.131,0.124,0.126,0.126,0.124,0.124,0.116,0.114,0.121,0.113,0.121,0.119,0.119,0.123,0.108,0.107,0.108,0.109,0.117,0.116,0.117,0.118,0.103,0.101,0.101,0.103,0.112,0.111,0.112,0.116,0.112,0.113,0.111,0.114,0.113,0.112,0.112,0.112
3.176111111111111,0.089,0.087,0.132,0.132,0.131,0.13,0.086,0.083,0.121,0.123,0.126,0.122,0.132,0.131,0.128,0.127,0.117,0.115,0.129,0.116,0.125,0.122,0.122,0.126,0.109,0.109,0.109,0.109,0.119,0.118,0.119,0.119,0.104,0.101,0.101,0.103,0.113,0.112,0.113,0.117,0.114,0.114,0.113,0.116,0.114,0.113,0.113,0.113
3.276111111111111,0.089,0.087,0.134,0.134,0.133,0.132,0.086,0.083,0.122,0.123,0.126,0.123,0.133,0.131,0.129,0.129,0.12,0.117,0.128,0.121,0.125,0.123,0.123,0.124,0.11,0.108,0.11,0.109,0.119,0.119,0.12,0.121,0.105,0.102,0.101,0.104,0.114,0.113,0.114,0.118,0.115,0.115,0.113,0.116,0.115,0.114,0.114,0.114
3.376111111111111,0.089,0.087,0.138,0.137,0.137,0.135,0.086,0.083,0.123,0.124,0.127,0.124,0.137,0.135,0.132,0.131,0.119,0.116,0.128,0.118,0.127,0.138,0.125,0.126,0.111,0.111,0.111,0.113,0.121,0.12,0.121,0.122,0.105,0.102,0.102,0.105,0.115,0.114,0.115,0.119,0.116,0.116,0.115,0.118,0.116,0.115,0.115,0.115
3.476111111111111,0.089,0.088,0.141,0.141,0.14,0.139,0.086,0.084,0.128,0.126,0.127,0.126,0.14,0.138,0.135,0.135,0.123,0.121,0.129,0.119,0.129,0.127,0.128,0.129,0.111,0.112,0.113,0.112,0.122,0.122,0.123,0.123,0.105,0.103,0.102,0.105,0.116,0.115,0.116,0.12,0.117,0.117,0.115,0.119,0.117,0.116,0.116,0.116
3.576111111111111,0.089,0.087,0.145,0.144,0.144,0.142,0.086,0.083,0.127,0.128,0.129,0.128,0.143,0.14,0.137,0.136,0.122,0.121,0.129,0.12,0.131,0.129,0.129,0.131,0.112,0.111,0.112,0.112,0.124,0.123,0.125,0.125,0.106,0.103,0.103,0.106,0.117,0.116,0.117,0.121,0.118,0.118,0.117,0.12,0.118,0.117,0.117,0.117
3.676111111111111,0.089,0.087,0.149,0.149,0.148,0.146,0.086,0.084,0.129,0.13,0.132,0.131,0.145,0.143,0.14,0.139,0.122,0.121,0.13,0.121,0.133,0.131,0.131,0.133,0.113,0.112,0.113,0.112,0.126,0.125,0.126,0.127,0.106,0.103,0.104,0.106,0.118,0.117,0.118,0.122,0.119,0.119,0.118,0.121,0.119,0.118,0.118,0.119
3.776111111111111,0.089,0.086,0.154,0.153,0.152,0.15,0.086,0.084,0.132,0.133,0.133,0.133,0.148,0.147,0.144,0.143,0.123,0.122,0.131,0.123,0.136,0.133,0.133,0.135,0.114,0.113,0.114,0.114,0.127,0.127,0.128,0.128,0.107,0.104,0.104,0.107,0.119,0.118,0.119,0.123,0.12,0.121,0.119,0.122,0.12,0.119,0.119,0.12
3.876111111111111,0.089,0.087,0.159,0.158,0.157,0.156,0.086,0.084,0.135,0.135,0.138,0.135,0.151,0.151,0.147,0.146,0.125,0.123,0.134,0.125,0.138,0.136,0.136,0.137,0.115,0.114,0.115,0.115,0.129,0.129,0.13,0.131,0.107,0.105,0.105,0.107,0.121,0.119,0.12,0.125,0.121,0.122,0.12,0.123,0.122,0.121,0.12,0.121
3.976111111111111,0.089,0.087,0.164,0.164,0.163,0.161,0.086,0.084,0.137,0.138,0.139,0.138,0.156,0.155,0.152,0.152,0.127,0.125,0.135,0.127,0.141,0.139,0.139,0.141,0.115,0.116,0.117,0.116,0.132,0.131,0.132,0.133,0.108,0.105,0.105,0.108,0.122,0.121,0.122,0.126,0.123,0.123,0.122,0.125,0.123,0.122,0.122,0.122
4.0761111111111115,0.089,0.086,0.17,0.169,0.168,0.167,0.086,0.083,0.14,0.14,0.141,0.14,0.164,0.162,0.155,0.154,0.128,0.126,0.135,0.128,0.142,0.14,0.14,0.141,0.116,0.116,0.117,0.117,0.133,0.132,0.133,0.134,0.109,0.106,0.106,0.108,0.123,0.121,0.123,0.127,0.124,0.124,0.122,0.126,0.124,0.123,0.123,0.124
4.176111111111111,0.089,0.087,0.181,0.18,0.175,0.175,0.086,0.083,0.142,0.144,0.144,0.143,0.169,0.166,0.16,0.16,0.13,0.128,0.137,0.13,0.147,0.144,0.144,0.147,0.117,0.117,0.119,0.118,0.135,0.136,0.136,0.136,0.109,0.106,0.106,0.109,0.125,0.123,0.124,0.129,0.126,0.126,0.128,0.127,0.125,0.125,0.124,0.125
4.276111111111111,0.089,0.087,0.185,0.185,0.184,0.186,0.086,0.083,0.145,0.146,0.147,0.146,0.173,0.172,0.165,0.166,0.131,0.129,0.139,0.131,0.149,0.147,0.146,0.148,0.118,0.118,0.12,0.119,0.137,0.137,0.138,0.138,0.11,0.107,0.107,0.11,0.126,0.124,0.126,0.13,0.127,0.128,0.125,0.129,0.127,0.127,0.125,0.127
4.376111111111111,0.09,0.088,0.197,0.196,0.197,0.194,0.087,0.083,0.148,0.149,0.15,0.15,0.176,0.18,0.171,0.172,0.133,0.131,0.141,0.133,0.152,0.15,0.151,0.152,0.119,0.119,0.121,0.12,0.141,0.139,0.141,0.141,0.11,0.107,0.107,0.111,0.128,0.126,0.128,0.132,0.128,0.129,0.127,0.13,0.128,0.128,0.127,0.128
4.476111111111111,0.089,0.087,0.195,0.195,0.197,0.192,0.086,0.084,0.152,0.152,0.154,0.153,0.181,0.183,0.176,0.175,0.135,0.133,0.142,0.135,0.155,0.152,0.153,0.154,0.12,0.12,0.121,0.121,0.142,0.141,0.142,0.143,0.111,0.108,0.108,0.111,0.129,0.127,0.129,0.133,0.13,0.13,0.129,0.132,0.13,0.129,0.129,0.129
4.5761111111111115,0.089,0.087,0.204,0.204,0.202,0.2,0.086,0.083,0.155,0.156,0.157,0.156,0.187,0.189,0.181,0.181,0.137,0.135,0.144,0.137,0.158,0.156,0.156,0.158,0.121,0.12,0.122,0.122,0.145,0.143,0.145,0.146,0.111,0.109,0.109,0.111,0.131,0.129,0.13,0.135,0.132,0.132,0.13,0.133,0.132,0.131,0.13,0.132
4.676111111111111,0.09,0.087,0.213,0.212,0.21,0.208,0.086,0.084,0.159,0.16,0.161,0.16,0.192,0.19,0.188,0.187,0.139,0.137,0.146,0.139,0.162,0.16,0.161,0.162,0.122,0.121,0.124,0.123,0.149,0.147,0.148,0.159,0.112,0.109,0.11,0.113,0.132,0.131,0.132,0.137,0.133,0.134,0.132,0.135,0.133,0.133,0.132,0.133
4.776111111111111,0.089,0.088,0.223,0.222,0.22,0.217,0.087,0.083,0.163,0.163,0.164,0.167,0.198,0.197,0.195,0.192,0.14,0.138,0.148,0.141,0.167,0.166,0.165,0.166,0.122,0.122,0.124,0.123,0.151,0.149,0.151,0.152,0.113,0.11,0.11,0.113,0.134,0.132,0.134,0.138,0.135,0.135,0.133,0.137,0.135,0.135,0.134,0.135
4.876111111111111,0.089,0.086,0.236,0.234,0.23,0.228,0.086,0.084,0.167,0.166,0.168,0.169,0.206,0.205,0.203,0.199,0.142,0.14,0.15,0.142,0.18,0.167,0.167,0.169,0.124,0.122,0.125,0.124,0.153,0.151,0.153,0.155,0.113,0.111,0.11,0.114,0.136,0.134,0.135,0.14,0.137,0.138,0.135,0.139,0.137,0.136,0.135,0.136
4.976111111111111,0.089,0.087,0.244,0.246,0.243,0.24,0.086,0.083,0.171,0.17,0.173,0.174,0.214,0.212,0.208,0.206,0.144,0.142,0.152,0.144,0.174,0.171,0.171,0.172,0.125,0.123,0.126,0.125,0.157,0.154,0.156,0.157,0.114,0.111,0.111,0.114,0.137,0.136,0.137,0.142,0.139,0.139,0.137,0.14,0.139,0.139,0.137,0.138
5.0761111111111115,0.089,0.088,0.259,0.255,0.253,0.249,0.086,0.084,0.175,0.177,0.177,0.18,0.222,0.221,0.218,0.215,0.146,0.144,0.154,0.147,0.179,0.176,0.176,0.177,0.126,0.125,0.128,0.126,0.16,0.158,0.16,0.16,0.114,0.112,0.112,0.115,0.139,0.138,0.14,0.144,0.141,0.141,0.139,0.142,0.14,0.14,0.139,0.14
5.176111111111111,0.089,0.087,0.27,0.268,0.265,0.264,0.086,0.083,0.18,0.182,0.181,0.183,0.231,0.23,0.226,0.223,0.148,0.146,0.156,0.149,0.184,0.181,0.181,0.182,0.127,0.125,0.128,0.127,0.163,0.161,0.163,0.164,0.115,0.112,0.112,0.116,0.142,0.14,0.141,0.146,0.143,0.144,0.141,0.144,0.142,0.142,0.141,0.142
5.276111111111111,0.089,0.087,0.284,0.281,0.277,0.281,0.086,0.083,0.189,0.187,0.187,0.186,0.241,0.24,0.235,0.232,0.151,0.148,0.158,0.151,0.189,0.186,0.186,0.186,0.128,0.126,0.129,0.129,0.167,0.164,0.166,0.168,0.116,0.113,0.113,0.116,0.144,0.142,0.144,0.149,0.145,0.146,0.143,0.146,0.144,0.145,0.143,0.144
5.376111111111111,0.089,0.087,0.304,0.295,0.293,0.298,0.086,0.084,0.193,0.19,0.194,0.189,0.252,0.25,0.245,0.241,0.153,0.151,0.161,0.154,0.195,0.191,0.191,0.191,0.129,0.127,0.13,0.13,0.17,0.168,0.17,0.171,0.116,0.113,0.113,0.117,0.146,0.144,0.145,0.15,0.148,0.148,0.145,0.149,0.147,0.146,0.145,0.146
5.476111111111111,0.089,0.087,0.32,0.31,0.308,0.313,0.086,0.083,0.199,0.194,0.201,0.195,0.264,0.261,0.255,0.252,0.155,0.153,0.163,0.157,0.201,0.196,0.197,0.197,0.13,0.129,0.131,0.132,0.175,0.171,0.174,0.175,0.117,0.114,0.114,0.117,0.148,0.146,0.148,0.152,0.15,0.15,0.148,0.151,0.149,0.149,0.147,0.149
5.5761111111111115,0.089,0.087,0.338,0.324,0.32,0.328,0.086,0.083,0.207,0.198,0.21,0.203,0.277,0.273,0.267,0.263,0.158,0.156,0.166,0.16,0.207,0.203,0.203,0.204,0.131,0.13,0.133,0.133,0.179,0.176,0.178,0.179,0.118,0.115,0.115,0.118,0.151,0.148,0.151,0.155,0.153,0.153,0.15,0.154,0.151,0.152,0.15,0.151
5.676111111111111,0.089,0.087,0.348,0.341,0.339,0.342,0.086,0.083,0.21,0.204,0.213,0.214,0.297,0.286,0.279,0.275,0.161,0.158,0.169,0.163,0.213,0.209,0.209,0.209,0.133,0.131,0.134,0.134,0.183,0.195,0.182,0.183,0.118,0.115,0.115,0.119,0.153,0.15,0.153,0.157,0.155,0.155,0.153,0.156,0.153,0.154,0.152,0.153
5.776111111111111,0.089,0.087,0.366,0.356,0.355,0.358,0.086,0.084,0.216,0.209,0.218,0.222,0.315,0.301,0.293,0.288,0.163,0.161,0.172,0.166,0.221,0.215,0.216,0.216,0.134,0.132,0.135,0.135,0.187,0.183,0.187,0.187,0.119,0.116,0.116,0.119,0.156,0.153,0.155,0.16,0.158,0.158,0.155,0.159,0.156,0.157,0.154,0.156
5.876111111111111,0.089,0.088,0.376,0.371,0.371,0.368,0.086,0.084,0.225,0.216,0.229,0.22,0.338,0.316,0.307,0.302,0.166,0.165,0.175,0.173,0.229,0.224,0.223,0.224,0.135,0.133,0.137,0.141,0.193,0.188,0.191,0.192,0.119,0.117,0.117,0.12,0.159,0.155,0.158,0.162,0.161,0.161,0.158,0.161,0.159,0.16,0.157,0.159
5.976111111111111,0.089,0.087,0.39,0.388,0.39,0.385,0.086,0.083,0.223,0.223,0.226,0.227,0.336,0.337,0.322,0.316,0.169,0.168,0.178,0.174,0.235,0.229,0.23,0.229,0.136,0.134,0.137,0.137,0.197,0.192,0.195,0.197,0.12,0.118,0.117,0.121,0.161,0.161,0.161,0.165,0.163,0.163,0.161,0.164,0.162,0.163,0.16,0.162
6.0761111111111115,0.089,0.087,0.41,0.406,0.412,0.404,0.086,0.084,0.229,0.23,0.233,0.235,0.349,0.361,0.338,0.332,0.172,0.171,0.186,0.181,0.244,0.238,0.238,0.237,0.137,0.136,0.138,0.139,0.203,0.197,0.201,0.202,0.121,0.118,0.118,0.121,0.164,0.161,0.164,0.168,0.166,0.167,0.163,0.167,0.164,0.166,0.163,0.165
6.176111111111111,0.089,0.087,0.425,0.423,0.423,0.42,0.086,0.083,0.236,0.236,0.24,0.243,0.365,0.372,0.355,0.348,0.175,0.173,0.187,0.18,0.251,0.245,0.246,0.245,0.139,0.136,0.14,0.14,0.208,0.202,0.205,0.207,0.121,0.118,0.119,0.122,0.167,0.163,0.167,0.171,0.17,0.17,0.167,0.17,0.167,0.168,0.165,0.168
6.276111111111111,0.089,0.088,0.445,0.442,0.445,0.439,0.086,0.083,0.244,0.246,0.249,0.253,0.383,0.39,0.372,0.366,0.178,0.178,0.194,0.19,0.261,0.255,0.255,0.254,0.14,0.138,0.141,0.142,0.213,0.208,0.211,0.212,0.122,0.119,0.119,0.123,0.171,0.166,0.17,0.174,0.173,0.173,0.17,0.173,0.171,0.172,0.168,0.171
6.376111111111111,0.089,0.087,0.463,0.46,0.461,0.458,0.086,0.083,0.251,0.252,0.259,0.258,0.4,0.395,0.398,0.383,0.182,0.18,0.196,0.184,0.27,0.263,0.263,0.263,0.141,0.139,0.142,0.142,0.219,0.212,0.216,0.218,0.123,0.12,0.12,0.124,0.173,0.169,0.172,0.177,0.176,0.176,0.173,0.176,0.174,0.175,0.172,0.174
6.476111111111111,0.089,0.088,0.483,0.48,0.481,0.478,0.086,0.083,0.26,0.263,0.269,0.272,0.417,0.413,0.42,0.416,0.185,0.182,0.197,0.186,0.281,0.273,0.274,0.272,0.143,0.141,0.144,0.144,0.225,0.218,0.222,0.224,0.124,0.12,0.121,0.124,0.177,0.173,0.176,0.18,0.179,0.179,0.176,0.179,0.177,0.178,0.174,0.177
6.5761111111111115,0.089,0.087,0.504,0.502,0.5,0.498,0.087,0.083,0.269,0.276,0.274,0.277,0.439,0.431,0.442,0.441,0.194,0.192,0.198,0.19,0.292,0.284,0.284,0.282,0.144,0.142,0.145,0.146,0.233,0.225,0.229,0.23,0.124,0.121,0.122,0.125,0.18,0.175,0.179,0.184,0.183,0.183,0.179,0.183,0.18,0.182,0.177,0.181
6.676111111111111,0.089,0.087,0.523,0.52,0.521,0.517,0.086,0.083,0.277,0.28,0.286,0.287,0.452,0.447,0.457,0.44,0.198,0.196,0.2,0.194,0.301,0.293,0.294,0.293,0.145,0.143,0.147,0.147,0.238,0.23,0.234,0.236,0.125,0.123,0.122,0.127,0.183,0.179,0.182,0.187,0.187,0.187,0.183,0.186,0.184,0.185,0.181,0.185
6.776111111111111,0.089,0.087,0.542,0.539,0.54,0.537,0.086,0.083,0.286,0.286,0.294,0.292,0.465,0.462,0.455,0.447,0.2,0.198,0.203,0.198,0.312,0.303,0.305,0.303,0.147,0.144,0.148,0.148,0.245,0.236,0.24,0.242,0.126,0.123,0.123,0.127,0.187,0.182,0.186,0.191,0.19,0.19,0.187,0.189,0.187,0.188,0.184,0.189
6.876111111111111,0.089,0.087,0.561,0.558,0.56,0.556,0.086,0.083,0.295,0.295,0.304,0.302,0.481,0.478,0.468,0.463,0.205,0.202,0.208,0.202,0.325,0.315,0.316,0.314,0.148,0.146,0.149,0.15,0.251,0.242,0.247,0.248,0.127,0.123,0.124,0.127,0.191,0.185,0.189,0.194,0.194,0.194,0.19,0.193,0.191,0.192,0.188,0.193
6.976111111111111,0.089,0.087,0.58,0.577,0.58,0.576,0.086,0.084,0.307,0.304,0.311,0.311,0.495,0.493,0.485,0.479,0.208,0.204,0.213,0.206,0.336,0.327,0.327,0.326,0.15,0.147,0.151,0.152,0.26,0.25,0.258,0.257,0.127,0.124,0.125,0.129,0.194,0.189,0.193,0.198,0.199,0.198,0.194,0.197,0.194,0.197,0.192,0.196
7.0761111111111115,0.089,0.086,0.601,0.6,0.599,0.595,0.086,0.083,0.316,0.316,0.325,0.323,0.511,0.509,0.5,0.494,0.211,0.207,0.216,0.212,0.348,0.338,0.339,0.337,0.151,0.149,0.153,0.153,0.267,0.256,0.26,0.263,0.128,0.125,0.126,0.129,0.198,0.192,0.197,0.201,0.202,0.201,0.198,0.201,0.198,0.2,0.196,0.199
7.176111111111111,0.089,0.087,0.618,0.624,0.616,0.614,0.086,0.084,0.326,0.326,0.342,0.34,0.527,0.524,0.514,0.51,0.214,0.21,0.22,0.217,0.361,0.35,0.352,0.349,0.153,0.15,0.154,0.155,0.275,0.262,0.268,0.27,0.128,0.126,0.127,0.13,0.202,0.196,0.202,0.205,0.206,0.206,0.201,0.204,0.202,0.204,0.199,0.204
7.276111111111111,0.089,0.087,0.636,0.646,0.635,0.632,0.086,0.083,0.338,0.338,0.354,0.348,0.55,0.54,0.53,0.525,0.217,0.212,0.225,0.222,0.374,0.362,0.365,0.362,0.154,0.152,0.156,0.157,0.283,0.27,0.275,0.278,0.129,0.127,0.127,0.131,0.205,0.199,0.204,0.21,0.21,0.21,0.205,0.208,0.205,0.208,0.203,0.207
7.376111111111111,0.089,0.087,0.654,0.656,0.69,0.682,0.086,0.084,0.349,0.349,0.364,0.364,0.57,0.555,0.562,0.539,0.222,0.216,0.23,0.227,0.386,0.375,0.377,0.375,0.156,0.153,0.158,0.159,0.291,0.278,0.282,0.286,0.13,0.128,0.128,0.131,0.209,0.203,0.209,0.213,0.214,0.214,0.209,0.213,0.21,0.212,0.206,0.212
7.476111111111111,0.089,0.087,0.672,0.688,0.672,0.672,0.086,0.083,0.36,0.359,0.375,0.373,0.58,0.568,0.562,0.58,0.223,0.22,0.235,0.232,0.4,0.387,0.39,0.387,0.157,0.155,0.159,0.161,0.3,0.285,0.29,0.293,0.131,0.128,0.129,0.132,0.213,0.206,0.212,0.217,0.218,0.219,0.213,0.216,0.214,0.216,0.211,0.215
7.5761111111111115,0.089,0.087,0.7,0.69,0.698,0.692,0.086,0.083,0.373,0.371,0.386,0.384,0.587,0.591,0.576,0.573,0.228,0.225,0.239,0.238,0.412,0.399,0.403,0.4,0.159,0.156,0.161,0.162,0.309,0.294,0.298,0.302,0.132,0.129,0.13,0.133,0.217,0.21,0.216,0.221,0.223,0.223,0.218,0.221,0.218,0.221,0.214,0.22
7.676111111111111,0.089,0.087,0.717,0.707,0.714,0.708,0.086,0.083,0.386,0.383,0.398,0.397,0.598,0.61,0.591,0.587,0.233,0.23,0.247,0.246,0.426,0.412,0.416,0.413,0.161,0.158,0.163,0.164,0.318,0.302,0.307,0.31,0.132,0.13,0.13,0.134,0.222,0.214,0.22,0.225,0.228,0.227,0.222,0.225,0.222,0.225,0.218,0.225
7.776111111111111,0.089,0.086,0.733,0.726,0.732,0.725,0.086,0.083,0.398,0.396,0.409,0.408,0.632,0.612,0.604,0.6,0.238,0.235,0.254,0.253,0.448,0.424,0.428,0.425,0.163,0.16,0.165,0.166,0.328,0.311,0.315,0.319,0.133,0.13,0.131,0.135,0.226,0.218,0.224,0.23,0.232,0.232,0.226,0.229,0.226,0.23,0.223,0.229
7.876111111111111,0.089,0.087,0.744,0.742,0.748,0.742,0.086,0.084,0.41,0.408,0.419,0.418,0.633,0.625,0.619,0.615,0.242,0.24,0.256,0.253,0.453,0.437,0.439,0.437,0.164,0.162,0.166,0.168,0.337,0.319,0.323,0.328,0.134,0.131,0.132,0.136,0.231,0.222,0.228,0.234,0.237,0.236,0.231,0.233,0.231,0.233,0.227,0.233
7.976111111111111,0.089,0.087,0.745,0.744,0.754,0.754,0.086,0.083,0.422,0.419,0.43,0.43,0.641,0.638,0.632,0.628,0.249,0.246,0.263,0.261,0.471,0.448,0.451,0.449,0.166,0.163,0.168,0.17,0.346,0.328,0.332,0.336,0.135,0.132,0.132,0.137,0.235,0.226,0.232,0.239,0.242,0.241,0.236,0.237,0.234,0.238,0.231,0.239
8.07611111111111,0.089,0.087,0.748,0.746,0.755,0.753,0.086,0.083,0.435,0.432,0.442,0.443,0.655,0.652,0.645,0.642,0.256,0.253,0.275,0.271,0.489,0.467,0.471,0.461,0.168,0.165,0.17,0.172,0.356,0.338,0.341,0.346,0.135,0.133,0.133,0.138,0.239,0.23,0.236,0.244,0.246,0.245,0.239,0.243,0.239,0.242,0.235,0.242
8.17611111111111,0.089,0.088,0.749,0.746,0.756,0.755,0.087,0.084,0.447,0.445,0.452,0.454,0.668,0.665,0.66,0.657,0.261,0.258,0.277,0.271,0.505,0.48,0.484,0.474,0.17,0.167,0.173,0.174,0.367,0.347,0.351,0.357,0.136,0.135,0.134,0.14,0.244,0.234,0.24,0.247,0.252,0.25,0.244,0.247,0.243,0.247,0.239,0.247
8.276111111111112,0.089,0.087,0.747,0.746,0.756,0.754,0.086,0.084,0.457,0.454,0.463,0.464,0.68,0.676,0.671,0.668,0.267,0.264,0.282,0.28,0.502,0.491,0.494,0.483,0.172,0.168,0.174,0.176,0.375,0.355,0.358,0.364,0.137,0.134,0.135,0.14,0.248,0.238,0.244,0.251,0.256,0.255,0.249,0.252,0.248,0.252,0.244,0.252
8.376111111111111,0.089,0.087,0.746,0.746,0.754,0.754,0.086,0.083,0.467,0.463,0.472,0.472,0.692,0.689,0.683,0.681,0.274,0.272,0.288,0.286,0.5,0.503,0.506,0.503,0.174,0.171,0.176,0.179,0.386,0.364,0.368,0.373,0.138,0.135,0.136,0.14,0.252,0.242,0.25,0.255,0.262,0.26,0.253,0.256,0.253,0.256,0.248,0.257
8.476111111111111,0.089,0.087,0.744,0.744,0.753,0.753,0.086,0.084,0.477,0.472,0.481,0.482,0.691,0.691,0.693,0.691,0.288,0.289,0.309,0.299,0.51,0.517,0.522,0.52,0.176,0.173,0.179,0.181,0.396,0.375,0.378,0.384,0.139,0.139,0.137,0.143,0.258,0.246,0.254,0.26,0.267,0.266,0.258,0.261,0.257,0.261,0.253,0.262
8.576111111111112,0.089,0.086,0.742,0.741,0.751,0.751,0.086,0.083,0.485,0.481,0.49,0.491,0.689,0.689,0.689,0.687,0.288,0.285,0.301,0.3,0.519,0.524,0.528,0.527,0.178,0.175,0.18,0.183,0.405,0.383,0.386,0.392,0.139,0.137,0.138,0.141,0.261,0.251,0.257,0.264,0.271,0.27,0.263,0.265,0.261,0.266,0.258,0.266
8.676111111111112,0.089,0.087,0.74,0.739,0.748,0.747,0.086,0.083,0.494,0.491,0.498,0.5,0.688,0.686,0.686,0.684,0.293,0.289,0.307,0.306,0.528,0.532,0.536,0.537,0.18,0.176,0.183,0.185,0.413,0.39,0.393,0.401,0.14,0.137,0.138,0.142,0.266,0.254,0.262,0.268,0.276,0.275,0.268,0.27,0.266,0.271,0.261,0.271
8.776111111111112,0.089,0.087,0.736,0.737,0.746,0.747,0.086,0.084,0.506,0.508,0.509,0.513,0.688,0.687,0.686,0.685,0.305,0.305,0.319,0.316,0.539,0.546,0.552,0.55,0.182,0.179,0.185,0.188,0.423,0.402,0.404,0.411,0.141,0.138,0.14,0.144,0.271,0.259,0.266,0.274,0.282,0.28,0.273,0.275,0.27,0.276,0.266,0.276
8.876111111111111,0.089,0.087,0.734,0.735,0.744,0.742,0.086,0.084,0.511,0.508,0.517,0.518,0.686,0.685,0.685,0.683,0.307,0.304,0.322,0.322,0.547,0.551,0.556,0.556,0.184,0.181,0.187,0.19,0.431,0.409,0.412,0.419,0.141,0.139,0.141,0.145,0.275,0.262,0.271,0.277,0.286,0.285,0.278,0.279,0.275,0.281,0.271,0.281
8.976111111111113,0.089,0.087,0.731,0.733,0.742,0.742,0.086,0.084,0.523,0.517,0.527,0.532,0.685,0.683,0.684,0.682,0.318,0.317,0.332,0.33,0.556,0.562,0.567,0.567,0.187,0.183,0.19,0.193,0.44,0.418,0.42,0.427,0.142,0.14,0.141,0.145,0.28,0.268,0.275,0.281,0.293,0.29,0.283,0.284,0.279,0.285,0.275,0.286
9.076111111111112,0.089,0.087,0.732,0.73,0.739,0.739,0.086,0.083,0.532,0.528,0.535,0.538,0.684,0.682,0.682,0.68,0.324,0.321,0.338,0.338,0.565,0.571,0.574,0.575,0.189,0.186,0.192,0.195,0.448,0.427,0.429,0.435,0.143,0.141,0.142,0.146,0.286,0.272,0.28,0.287,0.298,0.296,0.287,0.289,0.285,0.289,0.28,0.291
9.176111111111112,0.089,0.087,0.729,0.729,0.737,0.736,0.086,0.083,0.541,0.535,0.544,0.549,0.682,0.681,0.68,0.68,0.333,0.331,0.346,0.346,0.573,0.58,0.583,0.584,0.192,0.188,0.195,0.198,0.455,0.435,0.436,0.443,0.144,0.144,0.143,0.148,0.29,0.275,0.283,0.291,0.304,0.301,0.293,0.294,0.289,0.295,0.284,0.295
9.276111111111112,0.089,0.086,0.727,0.727,0.734,0.734,0.086,0.084,0.553,0.548,0.551,0.556,0.681,0.68,0.679,0.678,0.338,0.336,0.353,0.354,0.584,0.586,0.589,0.588,0.194,0.19,0.197,0.201,0.462,0.442,0.444,0.451,0.145,0.142,0.144,0.148,0.295,0.281,0.288,0.295,0.31,0.306,0.298,0.299,0.293,0.3,0.289,0.302
9.376111111111111,0.089,0.086,0.724,0.724,0.731,0.731,0.086,0.083,0.554,0.553,0.558,0.56,0.679,0.677,0.677,0.675,0.345,0.341,0.361,0.362,0.611,0.592,0.594,0.592,0.196,0.193,0.199,0.203,0.469,0.449,0.45,0.457,0.146,0.143,0.145,0.149,0.299,0.285,0.293,0.3,0.315,0.312,0.302,0.304,0.298,0.305,0.293,0.305
9.476111111111113,0.089,0.087,0.729,0.724,0.731,0.73,0.086,0.084,0.577,0.573,0.571,0.578,0.68,0.678,0.678,0.676,0.354,0.349,0.371,0.371,0.617,0.603,0.607,0.606,0.199,0.196,0.203,0.207,0.477,0.457,0.459,0.466,0.147,0.144,0.146,0.152,0.305,0.289,0.297,0.305,0.32,0.317,0.309,0.309,0.304,0.311,0.299,0.311
9.576111111111112,0.089,0.087,0.722,0.718,0.726,0.726,0.086,0.083,0.577,0.565,0.58,0.579,0.676,0.675,0.674,0.673,0.362,0.357,0.378,0.379,0.619,0.607,0.61,0.601,0.201,0.198,0.205,0.209,0.482,0.462,0.464,0.471,0.148,0.145,0.147,0.151,0.31,0.293,0.302,0.309,0.326,0.323,0.314,0.314,0.308,0.316,0.303,0.317
9.676111111111112,0.089,0.087,0.715,0.71,0.73,0.724,0.086,0.083,0.58,0.57,0.585,0.588,0.674,0.673,0.673,0.671,0.37,0.365,0.386,0.388,0.622,0.614,0.615,0.609,0.203,0.2,0.207,0.212,0.488,0.469,0.469,0.477,0.149,0.146,0.147,0.152,0.315,0.297,0.306,0.316,0.333,0.329,0.319,0.319,0.313,0.321,0.308,0.323
9.776111111111112,0.089,0.087,0.712,0.728,0.722,0.736,0.086,0.083,0.586,0.577,0.589,0.591,0.674,0.672,0.672,0.671,0.378,0.373,0.394,0.397,0.615,0.616,0.616,0.609,0.207,0.203,0.211,0.215,0.495,0.475,0.476,0.483,0.149,0.148,0.148,0.154,0.32,0.303,0.311,0.32,0.339,0.334,0.324,0.325,0.318,0.326,0.313,0.327
9.876111111111111,0.089,0.087,0.713,0.715,0.721,0.721,0.086,0.083,0.598,0.584,0.597,0.597,0.673,0.671,0.671,0.669,0.387,0.382,0.404,0.407,0.62,0.615,0.615,0.614,0.209,0.206,0.213,0.218,0.501,0.481,0.482,0.489,0.15,0.148,0.15,0.154,0.327,0.308,0.315,0.325,0.344,0.34,0.33,0.331,0.323,0.331,0.318,0.333
9.976111111111113,0.089,0.087,0.716,0.709,0.723,0.72,0.086,0.083,0.605,0.594,0.602,0.605,0.674,0.672,0.671,0.67,0.393,0.388,0.412,0.415,0.612,0.606,0.607,0.607,0.212,0.208,0.217,0.222,0.507,0.487,0.487,0.495,0.151,0.15,0.15,0.156,0.331,0.312,0.321,0.329,0.35,0.345,0.335,0.335,0.328,0.336,0.322,0.338
10.076111111111112,0.089,0.087,0.716,0.713,0.717,0.719,0.086,0.083,0.601,0.595,0.604,0.604,0.678,0.67,0.669,0.669,0.402,0.398,0.42,0.423,0.612,0.609,0.608,0.614,0.216,0.21,0.219,0.225,0.512,0.492,0.493,0.5,0.152,0.151,0.151,0.157,0.336,0.318,0.326,0.334,0.355,0.351,0.34,0.341,0.332,0.342,0.327,0.344
10.176111111111112,0.089,0.086,0.708,0.708,0.723,0.718,0.086,0.083,0.605,0.604,0.61,0.608,0.669,0.669,0.667,0.669,0.412,0.407,0.43,0.434,0.62,0.613,0.613,0.619,0.217,0.213,0.222,0.228,0.519,0.498,0.498,0.505,0.153,0.15,0.153,0.157,0.341,0.321,0.33,0.339,0.361,0.357,0.346,0.347,0.338,0.346,0.332,0.349
10.276111111111112,0.089,0.087,0.71,0.712,0.731,0.721,0.086,0.084,0.609,0.6,0.607,0.604,0.669,0.672,0.686,0.665,0.42,0.416,0.44,0.443,0.606,0.613,0.613,0.615,0.222,0.217,0.226,0.231,0.524,0.504,0.504,0.511,0.154,0.153,0.153,0.159,0.347,0.326,0.335,0.344,0.368,0.363,0.352,0.351,0.343,0.353,0.337,0.355
10.376111111111111,0.089,0.088,0.71,0.713,0.734,0.73,0.086,0.083,0.615,0.608,0.61,0.606,0.668,0.667,0.666,0.664,0.431,0.425,0.45,0.453,0.6,0.616,0.601,0.62,0.224,0.22,0.23,0.235,0.53,0.51,0.51,0.517,0.155,0.152,0.155,0.16,0.352,0.331,0.342,0.349,0.374,0.368,0.357,0.356,0.348,0.358,0.342,0.36
10.476111111111113,0.089,0.087,0.705,0.707,0.715,0.714,0.086,0.083,0.6,0.598,0.603,0.598,0.665,0.665,0.664,0.664,0.439,0.433,0.457,0.46,0.599,0.598,0.594,0.595,0.228,0.222,0.232,0.238,0.531,0.514,0.514,0.522,0.156,0.154,0.155,0.161,0.357,0.335,0.344,0.353,0.379,0.373,0.362,0.362,0.353,0.363,0.347,0.365
10.576111111111112,0.089,0.087,0.704,0.706,0.715,0.729,0.086,0.084,0.601,0.6,0.602,0.598,0.665,0.665,0.665,0.663,0.447,0.442,0.464,0.468,0.599,0.592,0.592,0.594,0.231,0.225,0.235,0.241,0.528,0.518,0.517,0.522,0.157,0.156,0.156,0.162,0.363,0.34,0.349,0.359,0.384,0.38,0.368,0.367,0.358,0.368,0.353,0.371
10.676111111111112,0.089,0.087,0.722,0.718,0.721,0.73,0.086,0.083,0.613,0.616,0.609,0.601,0.667,0.664,0.664,0.663,0.458,0.452,0.475,0.482,0.598,0.592,0.591,0.593,0.234,0.229,0.239,0.245,0.526,0.515,0.514,0.52,0.158,0.155,0.157,0.163,0.369,0.345,0.354,0.363,0.39,0.385,0.374,0.372,0.362,0.374,0.357,0.376
10.776111111111112,0.089,0.087,0.706,0.71,0.716,0.714,0.086,0.083,0.605,0.599,0.604,0.598,0.665,0.664,0.663,0.662,0.464,0.459,0.481,0.484,0.596,0.591,0.591,0.592,0.238,0.232,0.243,0.249,0.524,0.514,0.511,0.518,0.159,0.156,0.158,0.164,0.373,0.351,0.359,0.368,0.395,0.39,0.378,0.378,0.368,0.379,0.362,0.381
10.876111111111111,0.089,0.086,0.709,0.713,0.717,0.713,0.086,0.083,0.606,0.607,0.607,0.599,0.665,0.663,0.662,0.661,0.472,0.467,0.488,0.492,0.596,0.591,0.59,0.591,0.242,0.234,0.246,0.252,0.522,0.511,0.51,0.515,0.159,0.157,0.16,0.165,0.379,0.357,0.365,0.374,0.401,0.396,0.384,0.383,0.373,0.384,0.366,0.386
10.976111111111113,0.089,0.087,0.717,0.716,0.725,0.72,0.087,0.083,0.609,0.605,0.61,0.599,0.665,0.664,0.663,0.662,0.481,0.476,0.496,0.498,0.596,0.59,0.59,0.591,0.253,0.246,0.25,0.258,0.521,0.51,0.508,0.514,0.16,0.159,0.16,0.166,0.385,0.361,0.369,0.379,0.406,0.4,0.389,0.388,0.379,0.39,0.372,0.392
11.076111111111112,0.089,0.087,0.707,0.704,0.712,0.713,0.086,0.083,0.608,0.593,0.604,0.595,0.663,0.663,0.662,0.661,0.485,0.481,0.501,0.506,0.595,0.59,0.589,0.59,0.256,0.246,0.254,0.261,0.519,0.508,0.506,0.512,0.161,0.161,0.161,0.167,0.389,0.365,0.374,0.383,0.411,0.406,0.394,0.394,0.384,0.393,0.378,0.397
11.176111111111112,0.089,0.087,0.706,0.716,0.711,0.715,0.086,0.083,0.598,0.594,0.602,0.6,0.665,0.664,0.662,0.661,0.495,0.489,0.509,0.516,0.595,0.588,0.589,0.59,0.261,0.249,0.257,0.264,0.518,0.506,0.504,0.51,0.162,0.159,0.162,0.167,0.394,0.371,0.379,0.389,0.415,0.41,0.399,0.398,0.388,0.399,0.381,0.402
11.276111111111112,0.089,0.087,0.717,0.712,0.712,0.717,0.086,0.083,0.595,0.594,0.598,0.604,0.669,0.665,0.662,0.662,0.502,0.497,0.519,0.523,0.595,0.589,0.589,0.591,0.268,0.256,0.261,0.269,0.517,0.505,0.503,0.508,0.163,0.161,0.163,0.17,0.4,0.377,0.385,0.393,0.421,0.415,0.404,0.403,0.393,0.403,0.387,0.406
11.376111111111111,0.09,0.087,0.705,0.713,0.715,0.715,0.086,0.083,0.593,0.592,0.598,0.602,0.665,0.663,0.661,0.659,0.505,0.503,0.523,0.525,0.594,0.588,0.588,0.59,0.269,0.258,0.263,0.273,0.516,0.504,0.501,0.507,0.164,0.161,0.165,0.169,0.404,0.38,0.39,0.397,0.425,0.419,0.409,0.406,0.398,0.408,0.391,0.412
11.476111111111113,0.089,0.087,0.695,0.703,0.707,0.711,0.086,0.084,0.601,0.595,0.598,0.597,0.668,0.665,0.662,0.66,0.512,0.509,0.53,0.534,0.595,0.588,0.589,0.593,0.268,0.266,0.269,0.278,0.515,0.503,0.5,0.506,0.165,0.164,0.165,0.172,0.408,0.386,0.394,0.402,0.429,0.424,0.414,0.412,0.403,0.413,0.396,0.415
11.576111111111112,0.09,0.087,0.701,0.701,0.717,0.713,0.086,0.084,0.605,0.606,0.6,0.604,0.668,0.667,0.662,0.661,0.519,0.517,0.541,0.543,0.595,0.589,0.589,0.593,0.263,0.271,0.273,0.283,0.514,0.502,0.499,0.504,0.166,0.166,0.166,0.173,0.414,0.391,0.398,0.407,0.434,0.429,0.418,0.416,0.408,0.417,0.4,0.42
11.676111111111112,0.089,0.087,0.699,0.698,0.705,0.707,0.086,0.083,0.593,0.589,0.598,0.595,0.663,0.66,0.66,0.658,0.522,0.517,0.537,0.54,0.595,0.588,0.589,0.591,0.266,0.266,0.277,0.288,0.512,0.5,0.497,0.503,0.167,0.166,0.167,0.173,0.417,0.395,0.403,0.411,0.438,0.432,0.422,0.42,0.411,0.42,0.405,0.423
11.776111111111112,0.089,0.087,0.722,0.702,0.711,0.709,0.086,0.083,0.592,0.592,0.597,0.592,0.666,0.664,0.66,0.66,0.529,0.526,0.545,0.55,0.596,0.588,0.589,0.592,0.269,0.277,0.285,0.297,0.512,0.499,0.496,0.502,0.168,0.166,0.168,0.175,0.421,0.399,0.408,0.416,0.442,0.437,0.426,0.425,0.415,0.425,0.409,0.428
11.876111111111111,0.089,0.086,0.698,0.703,0.708,0.708,0.086,0.083,0.602,0.593,0.602,0.592,0.668,0.666,0.66,0.659,0.535,0.534,0.55,0.551,0.596,0.589,0.589,0.591,0.274,0.28,0.289,0.301,0.511,0.498,0.495,0.5,0.17,0.166,0.17,0.174,0.425,0.403,0.412,0.419,0.445,0.44,0.43,0.427,0.42,0.428,0.413,0.433
11.976111111111113,0.089,0.087,0.696,0.699,0.705,0.705,0.086,0.083,0.595,0.587,0.594,0.591,0.664,0.663,0.66,0.659,0.54,0.536,0.556,0.557,0.596,0.589,0.589,0.591,0.278,0.276,0.29,0.302,0.51,0.497,0.494,0.499,0.17,0.167,0.171,0.175,0.43,0.408,0.416,0.424,0.448,0.444,0.434,0.432,0.424,0.433,0.417,0.436
12.076111111111112,0.089,0.087,0.701,0.705,0.711,0.708,0.086,0.083,0.595,0.59,0.597,0.592,0.67,0.667,0.66,0.659,0.548,0.543,0.563,0.568,0.597,0.59,0.59,0.593,0.282,0.284,0.3,0.312,0.51,0.497,0.493,0.499,0.171,0.168,0.171,0.176,0.434,0.412,0.42,0.427,0.453,0.447,0.438,0.435,0.427,0.436,0.421,0.439
12.176111111111112,0.089,0.087,0.706,0.699,0.708,0.707,0.086,0.084,0.601,0.595,0.609,0.591,0.672,0.669,0.662,0.662,0.552,0.556,0.578,0.574,0.603,0.598,0.592,0.595,0.285,0.281,0.31,0.32,0.509,0.496,0.493,0.499,0.172,0.171,0.173,0.179,0.438,0.418,0.424,0.432,0.456,0.45,0.443,0.439,0.431,0.439,0.425,0.443
12.276111111111112,0.089,0.087,0.701,0.701,0.703,0.706,0.086,0.083,0.596,0.588,0.593,0.593,0.667,0.665,0.66,0.66,0.555,0.555,0.579,0.578,0.599,0.594,0.592,0.595,0.29,0.283,0.311,0.325,0.509,0.496,0.492,0.498,0.173,0.171,0.174,0.18,0.441,0.421,0.428,0.435,0.46,0.454,0.446,0.443,0.435,0.443,0.428,0.446
12.376111111111111,0.089,0.087,0.703,0.698,0.705,0.703,0.086,0.083,0.598,0.589,0.601,0.597,0.668,0.667,0.66,0.66,0.56,0.563,0.577,0.571,0.6,0.594,0.593,0.595,0.295,0.287,0.313,0.33,0.508,0.495,0.491,0.498,0.174,0.173,0.175,0.181,0.444,0.425,0.432,0.438,0.462,0.457,0.449,0.446,0.439,0.446,0.432,0.45
12.476111111111113,0.089,0.087,0.7,0.7,0.704,0.702,0.086,0.083,0.593,0.587,0.604,0.593,0.668,0.668,0.661,0.661,0.564,0.563,0.583,0.576,0.601,0.596,0.594,0.596,0.299,0.291,0.312,0.338,0.509,0.495,0.492,0.497,0.175,0.173,0.176,0.182,0.447,0.428,0.435,0.442,0.466,0.46,0.452,0.449,0.442,0.449,0.435,0.453
12.576111111111112,0.089,0.087,0.695,0.7,0.71,0.701,0.086,0.084,0.591,0.588,0.595,0.597,0.673,0.67,0.663,0.663,0.564,0.564,0.586,0.577,0.602,0.597,0.594,0.597,0.304,0.295,0.315,0.345,0.509,0.495,0.491,0.497,0.176,0.174,0.177,0.184,0.452,0.433,0.439,0.445,0.469,0.464,0.456,0.453,0.446,0.452,0.439,0.457
12.676111111111112,0.09,0.088,0.713,0.702,0.715,0.72,0.086,0.085,0.605,0.598,0.607,0.604,0.679,0.67,0.665,0.664,0.577,0.571,0.584,0.572,0.604,0.599,0.595,0.598,0.309,0.301,0.318,0.356,0.509,0.495,0.491,0.497,0.177,0.176,0.178,0.185,0.455,0.436,0.443,0.449,0.466,0.462,0.458,0.456,0.449,0.455,0.443,0.459
12.776111111111112,0.089,0.087,0.697,0.706,0.706,0.704,0.086,0.083,0.59,0.587,0.595,0.597,0.672,0.67,0.665,0.664,0.56,0.559,0.582,0.573,0.606,0.6,0.595,0.598,0.313,0.305,0.322,0.359,0.509,0.495,0.491,0.497,0.178,0.177,0.178,0.187,0.457,0.439,0.445,0.451,0.464,0.459,0.462,0.458,0.452,0.458,0.445,0.462
12.876111111111111,0.089,0.086,0.698,0.696,0.702,0.703,0.087,0.083,0.594,0.585,0.6,0.595,0.673,0.673,0.665,0.664,0.56,0.567,0.579,0.571,0.603,0.596,0.596,0.597,0.318,0.309,0.327,0.362,0.509,0.495,0.491,0.497,0.179,0.177,0.18,0.187,0.454,0.443,0.448,0.454,0.461,0.455,0.459,0.459,0.455,0.454,0.448,0.464
12.976111111111113,0.089,0.087,0.696,0.698,0.7,0.702,0.086,0.083,0.591,0.588,0.592,0.592,0.669,0.669,0.663,0.662,0.56,0.56,0.576,0.568,0.602,0.596,0.596,0.598,0.324,0.315,0.332,0.365,0.509,0.495,0.491,0.497,0.181,0.178,0.181,0.188,0.451,0.445,0.452,0.457,0.458,0.453,0.456,0.457,0.458,0.452,0.451,0.463
13.076111111111112,0.089,0.087,0.699,0.698,0.703,0.703,0.086,0.084,0.589,0.584,0.593,0.594,0.669,0.669,0.665,0.664,0.557,0.556,0.574,0.568,0.606,0.599,0.597,0.6,0.329,0.321,0.338,0.369,0.51,0.495,0.492,0.497,0.181,0.18,0.182,0.19,0.449,0.448,0.452,0.459,0.456,0.451,0.454,0.453,0.456,0.45,0.454,0.461
13.176111111111112,0.089,0.087,0.697,0.696,0.713,0.702,0.086,0.084,0.588,0.586,0.594,0.594,0.668,0.665,0.664,0.664,0.562,0.559,0.571,0.565,0.604,0.596,0.597,0.598,0.333,0.324,0.343,0.363,0.51,0.495,0.491,0.497,0.183,0.179,0.184,0.19,0.445,0.446,0.448,0.454,0.453,0.448,0.45,0.451,0.451,0.446,0.45,0.457
13.276111111111112,0.089,0.087,0.701,0.699,0.709,0.709,0.086,0.085,0.587,0.593,0.593,0.595,0.675,0.666,0.672,0.665,0.571,0.568,0.577,0.569,0.606,0.599,0.599,0.6,0.343,0.329,0.348,0.373,0.511,0.495,0.492,0.498,0.183,0.182,0.185,0.192,0.444,0.445,0.445,0.452,0.45,0.446,0.448,0.449,0.449,0.444,0.447,0.455
13.376111111111111,0.089,0.088,0.697,0.699,0.712,0.714,0.086,0.085,0.597,0.586,0.597,0.599,0.673,0.667,0.669,0.666,0.571,0.573,0.579,0.567,0.603,0.597,0.598,0.6,0.342,0.334,0.353,0.37,0.512,0.496,0.492,0.498,0.184,0.183,0.186,0.194,0.442,0.442,0.442,0.448,0.449,0.445,0.445,0.446,0.446,0.442,0.443,0.451
13.476111111111113,0.089,0.086,0.704,0.7,0.706,0.704,0.086,0.084,0.589,0.586,0.602,0.596,0.676,0.67,0.675,0.67,0.57,0.562,0.579,0.569,0.607,0.601,0.6,0.6,0.354,0.339,0.359,0.376,0.512,0.497,0.492,0.499,0.186,0.183,0.188,0.193,0.44,0.439,0.44,0.446,0.447,0.442,0.444,0.444,0.444,0.439,0.441,0.448
13.576111111111112,0.089,0.086,0.693,0.697,0.703,0.702,0.086,0.084,0.585,0.584,0.589,0.59,0.672,0.668,0.666,0.668,0.557,0.557,0.569,0.564,0.606,0.6,0.601,0.601,0.355,0.344,0.363,0.381,0.513,0.497,0.493,0.499,0.187,0.183,0.188,0.194,0.437,0.437,0.437,0.443,0.445,0.44,0.441,0.441,0.441,0.437,0.438,0.446
13.676111111111112,0.089,0.087,0.692,0.695,0.703,0.702,0.086,0.084,0.582,0.588,0.592,0.588,0.672,0.67,0.667,0.667,0.556,0.554,0.569,0.563,0.606,0.6,0.601,0.602,0.362,0.35,0.371,0.387,0.513,0.498,0.493,0.5,0.188,0.186,0.189,0.197,0.436,0.434,0.435,0.441,0.443,0.439,0.44,0.44,0.44,0.435,0.435,0.443
13.776111111111112,0.089,0.087,0.694,0.692,0.699,0.701,0.086,0.084,0.583,0.587,0.59,0.585,0.669,0.669,0.669,0.666,0.554,0.553,0.566,0.559,0.606,0.6,0.602,0.602,0.369,0.356,0.377,0.392,0.514,0.498,0.494,0.5,0.189,0.187,0.191,0.198,0.434,0.432,0.433,0.439,0.441,0.437,0.438,0.437,0.437,0.433,0.433,0.441
13.876111111111111,0.09,0.088,0.7,0.703,0.709,0.706,0.086,0.085,0.584,0.582,0.596,0.595,0.681,0.681,0.676,0.673,0.561,0.556,0.575,0.565,0.61,0.605,0.604,0.603,0.378,0.36,0.387,0.398,0.515,0.499,0.495,0.501,0.19,0.189,0.192,0.2,0.433,0.43,0.431,0.437,0.441,0.436,0.436,0.435,0.434,0.433,0.431,0.439
13.976111111111113,0.089,0.088,0.698,0.695,0.701,0.702,0.086,0.084,0.584,0.581,0.586,0.585,0.671,0.671,0.669,0.669,0.56,0.553,0.562,0.555,0.607,0.601,0.602,0.603,0.373,0.365,0.386,0.404,0.515,0.5,0.496,0.502,0.191,0.19,0.193,0.2,0.431,0.429,0.429,0.435,0.44,0.435,0.435,0.434,0.432,0.43,0.429,0.437
14.076111111111112,0.09,0.088,0.698,0.698,0.716,0.725,0.088,0.085,0.582,0.579,0.594,0.592,0.68,0.681,0.679,0.673,0.556,0.562,0.576,0.564,0.611,0.604,0.604,0.605,0.386,0.371,0.403,0.411,0.517,0.501,0.497,0.503,0.192,0.191,0.196,0.203,0.431,0.428,0.428,0.434,0.44,0.435,0.434,0.434,0.432,0.43,0.428,0.436
14.176111111111112,0.089,0.087,0.697,0.697,0.705,0.701,0.086,0.084,0.581,0.58,0.586,0.585,0.675,0.675,0.673,0.673,0.551,0.552,0.567,0.56,0.61,0.604,0.605,0.605,0.39,0.375,0.4,0.415,0.517,0.501,0.497,0.503,0.194,0.191,0.196,0.203,0.429,0.425,0.426,0.431,0.438,0.433,0.432,0.432,0.43,0.429,0.426,0.434
14.276111111111112,0.089,0.087,0.699,0.697,0.705,0.702,0.086,0.084,0.58,0.579,0.6,0.583,0.676,0.675,0.673,0.673,0.552,0.552,0.568,0.563,0.61,0.604,0.605,0.606,0.396,0.381,0.405,0.421,0.518,0.502,0.497,0.504,0.195,0.192,0.196,0.205,0.428,0.423,0.425,0.43,0.437,0.432,0.431,0.43,0.429,0.428,0.424,0.433
14.376111111111111,0.089,0.087,0.699,0.698,0.706,0.708,0.086,0.083,0.582,0.579,0.592,0.586,0.679,0.674,0.68,0.673,0.557,0.554,0.569,0.564,0.612,0.605,0.606,0.606,0.4,0.386,0.41,0.427,0.518,0.502,0.498,0.504,0.195,0.193,0.198,0.205,0.427,0.422,0.423,0.429,0.436,0.431,0.43,0.429,0.427,0.426,0.423,0.432
14.476111111111113,0.089,0.087,0.702,0.704,0.708,0.707,0.086,0.084,0.58,0.578,0.594,0.582,0.679,0.675,0.679,0.674,0.559,0.551,0.568,0.564,0.614,0.608,0.608,0.607,0.41,0.391,0.421,0.433,0.52,0.504,0.499,0.505,0.197,0.195,0.199,0.208,0.428,0.422,0.423,0.428,0.437,0.432,0.43,0.429,0.427,0.426,0.422,0.431
14.576111111111112,0.089,0.087,0.701,0.7,0.705,0.707,0.086,0.085,0.58,0.577,0.586,0.588,0.682,0.676,0.681,0.679,0.556,0.55,0.567,0.564,0.614,0.608,0.61,0.608,0.417,0.409,0.431,0.44,0.521,0.505,0.5,0.506,0.198,0.197,0.2,0.209,0.426,0.421,0.422,0.427,0.436,0.431,0.429,0.428,0.425,0.424,0.421,0.43
14.676111111111112,0.089,0.087,0.699,0.698,0.705,0.703,0.086,0.083,0.582,0.578,0.583,0.582,0.679,0.677,0.679,0.679,0.552,0.55,0.566,0.56,0.614,0.608,0.609,0.608,0.417,0.405,0.428,0.445,0.522,0.505,0.501,0.506,0.199,0.198,0.202,0.21,0.425,0.42,0.421,0.425,0.435,0.431,0.428,0.427,0.424,0.424,0.42,0.429
14.776111111111112,0.089,0.086,0.698,0.705,0.717,0.707,0.086,0.083,0.586,0.577,0.582,0.583,0.682,0.678,0.679,0.682,0.553,0.551,0.565,0.56,0.615,0.608,0.609,0.609,0.421,0.41,0.433,0.452,0.523,0.507,0.501,0.507,0.2,0.198,0.203,0.211,0.425,0.42,0.42,0.425,0.435,0.43,0.428,0.427,0.423,0.424,0.419,0.428
14.876111111111111,0.089,0.087,0.7,0.703,0.71,0.708,0.086,0.083,0.58,0.577,0.582,0.582,0.685,0.68,0.682,0.683,0.552,0.553,0.572,0.561,0.616,0.609,0.61,0.61,0.428,0.417,0.44,0.459,0.523,0.507,0.503,0.508,0.201,0.199,0.204,0.212,0.425,0.418,0.419,0.424,0.434,0.43,0.428,0.426,0.423,0.422,0.418,0.427
14.976111111111113,0.089,0.087,0.701,0.701,0.708,0.711,0.086,0.083,0.58,0.578,0.583,0.586,0.685,0.683,0.685,0.685,0.553,0.55,0.569,0.562,0.617,0.61,0.611,0.611,0.434,0.423,0.445,0.464,0.524,0.509,0.503,0.51,0.202,0.201,0.205,0.213,0.424,0.418,0.419,0.423,0.435,0.43,0.427,0.426,0.422,0.422,0.417,0.427
15.076111111111112,0.089,0.087,0.702,0.716,0.711,0.708,0.086,0.084,0.576,0.577,0.581,0.587,0.686,0.685,0.686,0.688,0.558,0.551,0.566,0.556,0.618,0.612,0.613,0.612,0.441,0.434,0.454,0.471,0.527,0.509,0.504,0.512,0.203,0.202,0.207,0.216,0.424,0.418,0.418,0.423,0.435,0.431,0.428,0.427,0.422,0.423,0.417,0.426
15.176111111111112,0.09,0.088,0.715,0.715,0.715,0.715,0.086,0.085,0.585,0.586,0.591,0.586,0.692,0.688,0.686,0.692,0.564,0.555,0.57,0.561,0.619,0.612,0.612,0.613,0.445,0.431,0.459,0.482,0.528,0.51,0.506,0.513,0.205,0.204,0.208,0.217,0.425,0.418,0.419,0.424,0.436,0.432,0.429,0.428,0.422,0.424,0.418,0.427
15.276111111111112,0.089,0.086,0.706,0.709,0.714,0.712,0.086,0.083,0.576,0.577,0.589,0.582,0.693,0.691,0.693,0.691,0.553,0.554,0.569,0.555,0.62,0.613,0.615,0.614,0.452,0.443,0.465,0.482,0.527,0.51,0.506,0.513,0.206,0.204,0.209,0.218,0.424,0.417,0.419,0.422,0.435,0.43,0.427,0.426,0.421,0.422,0.416,0.425
15.376111111111111,0.089,0.087,0.708,0.705,0.71,0.713,0.086,0.084,0.575,0.575,0.581,0.584,0.686,0.685,0.686,0.685,0.55,0.549,0.562,0.554,0.62,0.613,0.614,0.615,0.455,0.444,0.467,0.487,0.529,0.512,0.508,0.514,0.207,0.205,0.211,0.219,0.423,0.416,0.423,0.422,0.433,0.429,0.427,0.424,0.421,0.422,0.415,0.425
15.476111111111113,0.089,0.087,0.71,0.709,0.714,0.714,0.086,0.084,0.575,0.575,0.58,0.579,0.688,0.689,0.692,0.691,0.551,0.549,0.564,0.556,0.622,0.616,0.617,0.616,0.463,0.453,0.476,0.494,0.531,0.513,0.508,0.516,0.208,0.207,0.212,0.221,0.424,0.417,0.418,0.423,0.435,0.43,0.428,0.426,0.421,0.422,0.416,0.426
15.576111111111112,0.089,0.087,0.713,0.707,0.719,0.714,0.086,0.085,0.575,0.574,0.588,0.587,0.695,0.694,0.697,0.694,0.55,0.554,0.568,0.553,0.624,0.617,0.619,0.617,0.469,0.462,0.483,0.499,0.532,0.514,0.509,0.517,0.209,0.208,0.213,0.223,0.425,0.416,0.418,0.422,0.434,0.431,0.427,0.425,0.421,0.422,0.416,0.426
15.676111111111112,0.089,0.087,0.712,0.711,0.719,0.716,0.086,0.083,0.576,0.574,0.58,0.58,0.696,0.693,0.696,0.69,0.55,0.551,0.563,0.558,0.624,0.616,0.617,0.618,0.472,0.46,0.484,0.503,0.533,0.516,0.511,0.517,0.211,0.208,0.214,0.223,0.424,0.416,0.417,0.422,0.434,0.43,0.427,0.425,0.421,0.422,0.415,0.425
15.776111111111112,0.089,0.087,0.711,0.709,0.717,0.716,0.086,0.083,0.576,0.574,0.583,0.58,0.694,0.692,0.694,0.691,0.55,0.548,0.563,0.555,0.625,0.618,0.619,0.62,0.478,0.465,0.489,0.508,0.534,0.517,0.512,0.519,0.212,0.21,0.216,0.225,0.424,0.416,0.417,0.421,0.433,0.43,0.426,0.424,0.42,0.422,0.415,0.425
15.876111111111111,0.09,0.087,0.717,0.72,0.725,0.726,0.086,0.084,0.575,0.577,0.584,0.582,0.703,0.699,0.7,0.7,0.556,0.559,0.567,0.557,0.627,0.619,0.62,0.621,0.485,0.475,0.5,0.515,0.537,0.519,0.514,0.521,0.213,0.212,0.217,0.227,0.426,0.417,0.417,0.422,0.434,0.43,0.427,0.426,0.422,0.423,0.416,0.426
15.976111111111113,0.089,0.087,0.715,0.713,0.721,0.72,0.086,0.083,0.576,0.575,0.583,0.583,0.7,0.697,0.699,0.694,0.557,0.548,0.559,0.555,0.628,0.62,0.622,0.621,0.488,0.477,0.5,0.519,0.537,0.519,0.514,0.521,0.215,0.213,0.219,0.228,0.425,0.416,0.417,0.421,0.434,0.43,0.427,0.425,0.421,0.422,0.415,0.425
16.07611111111111,0.089,0.087,0.713,0.714,0.72,0.718,0.086,0.084,0.576,0.573,0.585,0.581,0.699,0.697,0.697,0.697,0.55,0.548,0.562,0.556,0.628,0.621,0.622,0.623,0.494,0.482,0.505,0.522,0.538,0.52,0.516,0.522,0.216,0.214,0.22,0.229,0.424,0.416,0.416,0.42,0.433,0.43,0.426,0.425,0.421,0.422,0.414,0.424
16.176111111111112,0.09,0.088,0.721,0.717,0.727,0.727,0.086,0.085,0.579,0.575,0.582,0.58,0.707,0.706,0.705,0.702,0.56,0.555,0.568,0.556,0.63,0.623,0.624,0.624,0.501,0.492,0.515,0.529,0.541,0.522,0.518,0.525,0.217,0.216,0.222,0.232,0.425,0.417,0.418,0.421,0.434,0.43,0.426,0.424,0.422,0.423,0.415,0.424
16.276111111111113,0.089,0.086,0.72,0.718,0.739,0.722,0.086,0.083,0.576,0.574,0.582,0.582,0.705,0.702,0.704,0.701,0.549,0.547,0.556,0.555,0.631,0.623,0.625,0.625,0.504,0.493,0.515,0.53,0.541,0.522,0.518,0.525,0.219,0.216,0.223,0.232,0.425,0.416,0.417,0.421,0.433,0.43,0.427,0.425,0.421,0.422,0.414,0.424
16.37611111111111,0.089,0.087,0.723,0.721,0.728,0.725,0.086,0.086,0.576,0.576,0.585,0.582,0.703,0.704,0.704,0.701,0.548,0.547,0.557,0.555,0.632,0.625,0.626,0.626,0.509,0.498,0.52,0.529,0.543,0.524,0.519,0.526,0.22,0.217,0.225,0.234,0.425,0.416,0.417,0.42,0.434,0.43,0.427,0.425,0.421,0.422,0.415,0.424
16.476111111111113,0.089,0.087,0.726,0.723,0.731,0.725,0.086,0.084,0.576,0.575,0.584,0.58,0.708,0.707,0.707,0.703,0.548,0.551,0.557,0.555,0.634,0.626,0.628,0.628,0.516,0.505,0.526,0.528,0.546,0.526,0.521,0.528,0.222,0.219,0.226,0.236,0.424,0.417,0.418,0.419,0.434,0.43,0.427,0.425,0.421,0.423,0.415,0.423
16.57611111111111,0.089,0.087,0.725,0.722,0.732,0.727,0.086,0.083,0.579,0.577,0.582,0.581,0.706,0.705,0.707,0.704,0.549,0.547,0.556,0.553,0.635,0.627,0.628,0.629,0.519,0.508,0.529,0.526,0.546,0.527,0.522,0.529,0.223,0.22,0.227,0.237,0.425,0.417,0.418,0.42,0.435,0.43,0.427,0.425,0.421,0.423,0.415,0.425
16.676111111111112,0.09,0.088,0.727,0.725,0.736,0.732,0.086,0.084,0.583,0.579,0.584,0.582,0.706,0.706,0.706,0.707,0.551,0.546,0.557,0.55,0.635,0.627,0.629,0.63,0.521,0.51,0.529,0.523,0.549,0.529,0.524,0.531,0.224,0.222,0.23,0.24,0.424,0.418,0.417,0.419,0.436,0.431,0.428,0.426,0.421,0.423,0.414,0.424
16.776111111111113,0.089,0.087,0.735,0.732,0.737,0.734,0.086,0.083,0.577,0.577,0.584,0.583,0.711,0.712,0.715,0.71,0.548,0.547,0.557,0.553,0.639,0.631,0.632,0.631,0.528,0.521,0.532,0.524,0.549,0.531,0.525,0.533,0.225,0.223,0.23,0.241,0.425,0.418,0.418,0.42,0.436,0.432,0.428,0.426,0.421,0.423,0.415,0.425
16.87611111111111,0.09,0.088,0.735,0.736,0.744,0.743,0.086,0.084,0.579,0.585,0.586,0.591,0.718,0.716,0.719,0.715,0.557,0.553,0.558,0.552,0.639,0.631,0.632,0.633,0.527,0.521,0.528,0.524,0.552,0.534,0.528,0.536,0.226,0.224,0.232,0.243,0.425,0.42,0.419,0.421,0.436,0.433,0.429,0.428,0.421,0.424,0.417,0.426
16.976111111111113,0.089,0.088,0.737,0.733,0.742,0.737,0.086,0.085,0.58,0.579,0.585,0.589,0.711,0.718,0.717,0.718,0.549,0.552,0.557,0.559,0.641,0.633,0.635,0.634,0.528,0.525,0.527,0.523,0.552,0.534,0.53,0.537,0.228,0.226,0.233,0.244,0.425,0.417,0.417,0.42,0.437,0.433,0.429,0.427,0.422,0.424,0.416,0.425
17.07611111111111,0.089,0.087,0.729,0.756,0.742,0.74,0.086,0.084,0.58,0.58,0.585,0.591,0.72,0.718,0.716,0.718,0.551,0.545,0.562,0.55,0.642,0.633,0.636,0.636,0.525,0.523,0.525,0.522,0.553,0.535,0.531,0.538,0.229,0.227,0.235,0.246,0.426,0.417,0.417,0.421,0.438,0.434,0.429,0.427,0.422,0.424,0.416,0.426
17.17611111111111,0.09,0.088,0.736,0.732,0.744,0.741,0.086,0.085,0.582,0.582,0.594,0.585,0.719,0.723,0.725,0.722,0.546,0.548,0.567,0.55,0.643,0.635,0.637,0.637,0.524,0.521,0.525,0.521,0.554,0.536,0.533,0.54,0.231,0.229,0.236,0.248,0.426,0.417,0.418,0.421,0.438,0.434,0.43,0.428,0.423,0.426,0.416,0.426
17.27611111111111,0.089,0.087,0.742,0.732,0.744,0.738,0.086,0.084,0.582,0.579,0.586,0.585,0.716,0.716,0.716,0.716,0.545,0.544,0.555,0.549,0.644,0.635,0.637,0.638,0.523,0.517,0.521,0.519,0.552,0.535,0.532,0.539,0.232,0.23,0.238,0.25,0.427,0.418,0.426,0.422,0.439,0.435,0.431,0.429,0.423,0.425,0.417,0.426
17.37611111111111,0.089,0.086,0.732,0.74,0.749,0.745,0.086,0.083,0.584,0.582,0.593,0.586,0.719,0.726,0.723,0.718,0.547,0.544,0.559,0.548,0.646,0.638,0.639,0.639,0.521,0.517,0.522,0.52,0.555,0.538,0.534,0.541,0.233,0.231,0.239,0.252,0.428,0.419,0.419,0.422,0.44,0.436,0.431,0.429,0.424,0.425,0.417,0.427
17.47611111111111,0.089,0.087,0.738,0.739,0.751,0.747,0.086,0.084,0.586,0.584,0.593,0.589,0.72,0.726,0.723,0.721,0.546,0.545,0.56,0.549,0.648,0.639,0.641,0.641,0.521,0.516,0.521,0.52,0.556,0.539,0.536,0.542,0.235,0.233,0.241,0.253,0.428,0.419,0.42,0.422,0.44,0.435,0.432,0.429,0.424,0.427,0.418,0.428
17.57611111111111,0.09,0.088,0.746,0.748,0.758,0.754,0.086,0.085,0.587,0.583,0.59,0.588,0.722,0.729,0.732,0.724,0.553,0.553,0.561,0.553,0.65,0.641,0.642,0.642,0.52,0.517,0.523,0.521,0.559,0.541,0.538,0.545,0.236,0.234,0.243,0.255,0.43,0.42,0.422,0.424,0.441,0.436,0.432,0.43,0.425,0.428,0.419,0.428
17.67611111111111,0.089,0.087,0.734,0.744,0.753,0.748,0.086,0.084,0.588,0.585,0.591,0.588,0.722,0.722,0.723,0.723,0.544,0.543,0.556,0.549,0.649,0.64,0.643,0.643,0.519,0.513,0.519,0.518,0.556,0.539,0.536,0.543,0.238,0.235,0.244,0.255,0.43,0.42,0.421,0.424,0.441,0.438,0.434,0.431,0.425,0.428,0.419,0.429
17.77611111111111,0.09,0.088,0.746,0.748,0.76,0.751,0.086,0.085,0.592,0.586,0.594,0.598,0.735,0.73,0.732,0.724,0.547,0.545,0.562,0.555,0.652,0.643,0.644,0.645,0.518,0.514,0.52,0.519,0.56,0.542,0.539,0.546,0.24,0.237,0.246,0.258,0.431,0.421,0.421,0.424,0.442,0.438,0.434,0.432,0.426,0.429,0.42,0.43
17.87611111111111,0.089,0.087,0.748,0.747,0.758,0.755,0.086,0.083,0.589,0.586,0.593,0.593,0.726,0.723,0.725,0.724,0.543,0.543,0.555,0.55,0.652,0.643,0.645,0.646,0.517,0.512,0.519,0.519,0.559,0.541,0.539,0.546,0.241,0.239,0.248,0.26,0.431,0.421,0.422,0.425,0.443,0.439,0.435,0.432,0.427,0.43,0.42,0.43
17.97611111111111,0.089,0.087,0.753,0.753,0.761,0.757,0.086,0.084,0.593,0.594,0.597,0.604,0.732,0.732,0.731,0.725,0.547,0.545,0.56,0.556,0.654,0.645,0.647,0.647,0.517,0.513,0.519,0.519,0.561,0.543,0.541,0.547,0.242,0.24,0.249,0.262,0.432,0.422,0.423,0.426,0.444,0.44,0.435,0.433,0.428,0.43,0.421,0.431
18.07611111111111,0.089,0.087,0.756,0.749,0.766,0.759,0.086,0.084,0.59,0.588,0.597,0.594,0.731,0.728,0.726,0.725,0.545,0.544,0.554,0.551,0.655,0.647,0.649,0.649,0.517,0.513,0.519,0.519,0.562,0.545,0.542,0.549,0.244,0.241,0.252,0.263,0.433,0.423,0.424,0.426,0.445,0.441,0.436,0.433,0.428,0.431,0.421,0.431
18.17611111111111,0.09,0.088,0.76,0.755,0.774,0.763,0.087,0.085,0.593,0.596,0.616,0.597,0.739,0.733,0.734,0.727,0.549,0.544,0.558,0.553,0.656,0.647,0.649,0.651,0.515,0.511,0.519,0.519,0.566,0.547,0.545,0.551,0.246,0.243,0.254,0.265,0.433,0.424,0.425,0.427,0.446,0.442,0.437,0.434,0.429,0.432,0.422,0.433
18.27611111111111,0.089,0.087,0.754,0.755,0.768,0.763,0.086,0.083,0.596,0.596,0.598,0.598,0.723,0.722,0.725,0.724,0.545,0.542,0.553,0.548,0.657,0.649,0.651,0.651,0.516,0.511,0.518,0.518,0.562,0.545,0.543,0.549,0.247,0.244,0.254,0.266,0.434,0.424,0.425,0.428,0.447,0.442,0.438,0.435,0.43,0.433,0.423,0.433
18.37611111111111,0.089,0.087,0.76,0.758,0.77,0.766,0.086,0.084,0.595,0.596,0.6,0.599,0.723,0.723,0.726,0.725,0.544,0.546,0.559,0.549,0.659,0.651,0.652,0.653,0.516,0.511,0.519,0.519,0.565,0.547,0.545,0.552,0.248,0.246,0.256,0.269,0.435,0.425,0.426,0.428,0.447,0.443,0.438,0.436,0.43,0.434,0.424,0.434
18.47611111111111,0.089,0.087,0.758,0.759,0.771,0.766,0.086,0.084,0.596,0.597,0.606,0.599,0.723,0.722,0.726,0.725,0.545,0.546,0.554,0.547,0.66,0.652,0.654,0.654,0.515,0.511,0.518,0.518,0.565,0.547,0.546,0.552,0.25,0.248,0.258,0.271,0.436,0.425,0.427,0.43,0.448,0.444,0.439,0.436,0.431,0.434,0.425,0.434
18.57611111111111,0.089,0.087,0.763,0.759,0.77,0.767,0.086,0.083,0.598,0.595,0.604,0.599,0.723,0.722,0.726,0.726,0.546,0.543,0.555,0.548,0.661,0.652,0.655,0.656,0.515,0.509,0.517,0.517,0.564,0.546,0.545,0.551,0.252,0.249,0.26,0.272,0.438,0.428,0.428,0.43,0.449,0.445,0.441,0.437,0.433,0.435,0.426,0.436
18.67611111111111,0.09,0.087,0.761,0.764,0.773,0.769,0.086,0.084,0.599,0.596,0.605,0.602,0.728,0.724,0.737,0.726,0.542,0.542,0.56,0.547,0.663,0.654,0.658,0.657,0.516,0.511,0.518,0.518,0.567,0.549,0.548,0.554,0.253,0.251,0.261,0.275,0.438,0.428,0.429,0.431,0.45,0.446,0.442,0.438,0.433,0.436,0.426,0.436
18.77611111111111,0.089,0.087,0.764,0.768,0.777,0.774,0.086,0.084,0.599,0.598,0.618,0.604,0.727,0.724,0.735,0.727,0.544,0.542,0.558,0.548,0.665,0.655,0.658,0.659,0.516,0.51,0.517,0.517,0.567,0.55,0.549,0.555,0.254,0.253,0.264,0.276,0.439,0.429,0.429,0.432,0.451,0.447,0.442,0.439,0.434,0.437,0.427,0.437
18.87611111111111,0.09,0.088,0.77,0.771,0.782,0.777,0.087,0.084,0.611,0.602,0.608,0.605,0.726,0.724,0.73,0.727,0.546,0.543,0.556,0.548,0.665,0.656,0.659,0.66,0.515,0.509,0.517,0.517,0.571,0.553,0.55,0.556,0.257,0.254,0.266,0.278,0.439,0.429,0.43,0.432,0.452,0.448,0.443,0.44,0.434,0.437,0.427,0.437
18.97611111111111,0.089,0.087,0.761,0.769,0.782,0.775,0.086,0.084,0.604,0.601,0.611,0.607,0.73,0.724,0.733,0.728,0.543,0.541,0.553,0.552,0.666,0.658,0.66,0.662,0.515,0.509,0.517,0.516,0.569,0.551,0.549,0.556,0.26,0.256,0.268,0.28,0.44,0.43,0.431,0.434,0.453,0.448,0.444,0.441,0.435,0.438,0.429,0.439
19.07611111111111,0.09,0.088,0.789,0.774,0.786,0.779,0.086,0.085,0.606,0.604,0.624,0.612,0.735,0.729,0.74,0.729,0.546,0.545,0.557,0.554,0.667,0.66,0.663,0.663,0.516,0.511,0.518,0.517,0.573,0.555,0.552,0.56,0.26,0.258,0.271,0.283,0.443,0.431,0.432,0.435,0.454,0.451,0.445,0.442,0.436,0.44,0.43,0.439
19.17611111111111,0.089,0.086,0.762,0.771,0.783,0.783,0.085,0.083,0.606,0.602,0.615,0.61,0.73,0.726,0.728,0.729,0.543,0.543,0.556,0.549,0.666,0.661,0.663,0.664,0.514,0.509,0.516,0.516,0.57,0.552,0.551,0.558,0.261,0.258,0.27,0.283,0.442,0.431,0.433,0.435,0.455,0.45,0.445,0.442,0.437,0.44,0.43,0.441
19.27611111111111,0.089,0.086,0.766,0.771,0.785,0.783,0.086,0.084,0.618,0.605,0.616,0.614,0.731,0.726,0.729,0.729,0.545,0.542,0.557,0.549,0.667,0.662,0.664,0.665,0.514,0.509,0.517,0.516,0.572,0.554,0.553,0.56,0.263,0.261,0.273,0.287,0.444,0.433,0.434,0.436,0.455,0.452,0.447,0.443,0.438,0.441,0.431,0.441
19.37611111111111,0.089,0.087,0.767,0.77,0.805,0.783,0.086,0.084,0.612,0.606,0.617,0.613,0.734,0.728,0.73,0.729,0.545,0.544,0.557,0.555,0.667,0.663,0.666,0.667,0.514,0.509,0.516,0.515,0.573,0.555,0.554,0.561,0.265,0.262,0.274,0.288,0.445,0.434,0.435,0.437,0.457,0.452,0.447,0.444,0.439,0.442,0.432,0.443
19.47611111111111,0.089,0.087,0.768,0.783,0.785,0.784,0.086,0.084,0.611,0.61,0.617,0.615,0.732,0.729,0.731,0.73,0.545,0.546,0.556,0.556,0.667,0.664,0.667,0.668,0.513,0.508,0.515,0.514,0.573,0.556,0.555,0.561,0.266,0.264,0.276,0.29,0.446,0.435,0.436,0.438,0.457,0.453,0.449,0.445,0.44,0.443,0.433,0.444
19.57611111111111,0.09,0.088,0.769,0.772,0.791,0.786,0.087,0.085,0.619,0.616,0.62,0.619,0.731,0.728,0.73,0.732,0.546,0.545,0.556,0.55,0.666,0.663,0.666,0.669,0.512,0.507,0.514,0.514,0.578,0.559,0.557,0.563,0.268,0.266,0.279,0.293,0.447,0.435,0.437,0.44,0.459,0.455,0.45,0.446,0.441,0.444,0.434,0.444
19.67611111111111,0.09,0.088,0.769,0.8,0.79,0.787,0.086,0.085,0.614,0.614,0.622,0.619,0.739,0.738,0.741,0.733,0.546,0.548,0.564,0.551,0.668,0.665,0.669,0.67,0.513,0.509,0.516,0.514,0.577,0.56,0.558,0.565,0.27,0.268,0.281,0.295,0.448,0.437,0.439,0.441,0.46,0.456,0.45,0.448,0.442,0.445,0.435,0.445
19.77611111111111,0.09,0.087,0.766,0.771,0.791,0.786,0.086,0.084,0.617,0.613,0.624,0.622,0.736,0.732,0.736,0.733,0.548,0.545,0.557,0.552,0.667,0.664,0.669,0.67,0.512,0.508,0.514,0.513,0.577,0.56,0.558,0.565,0.271,0.269,0.282,0.297,0.449,0.437,0.439,0.442,0.461,0.457,0.452,0.448,0.443,0.447,0.437,0.447
19.87611111111111,0.089,0.087,0.767,0.768,0.792,0.791,0.086,0.085,0.618,0.624,0.627,0.622,0.737,0.735,0.74,0.734,0.548,0.548,0.559,0.552,0.667,0.665,0.671,0.67,0.512,0.507,0.514,0.513,0.578,0.56,0.559,0.566,0.273,0.272,0.284,0.3,0.45,0.439,0.441,0.443,0.463,0.458,0.453,0.449,0.444,0.447,0.438,0.448
19.97611111111111,0.089,0.087,0.77,0.77,0.79,0.789,0.086,0.084,0.621,0.624,0.629,0.623,0.737,0.733,0.738,0.734,0.547,0.546,0.56,0.553,0.667,0.665,0.67,0.671,0.511,0.506,0.513,0.511,0.578,0.561,0.559,0.566,0.275,0.273,0.286,0.301,0.45,0.44,0.441,0.444,0.462,0.458,0.453,0.45,0.445,0.449,0.439,0.449
20.07611111111111,0.09,0.088,0.769,0.776,0.791,0.792,0.086,0.085,0.632,0.62,0.639,0.628,0.742,0.74,0.746,0.738,0.55,0.548,0.567,0.559,0.668,0.666,0.671,0.671,0.511,0.506,0.513,0.512,0.582,0.564,0.563,0.569,0.277,0.275,0.288,0.304,0.452,0.441,0.443,0.446,0.465,0.461,0.455,0.452,0.446,0.45,0.44,0.45
20.17611111111111,0.089,0.087,0.763,0.767,0.789,0.787,0.086,0.084,0.624,0.623,0.634,0.628,0.736,0.734,0.739,0.737,0.55,0.548,0.561,0.556,0.667,0.665,0.67,0.671,0.51,0.505,0.511,0.51,0.579,0.561,0.56,0.566,0.278,0.276,0.289,0.305,0.452,0.442,0.444,0.446,0.465,0.46,0.455,0.452,0.448,0.451,0.441,0.451
20.27611111111111,0.09,0.088,0.765,0.772,0.792,0.791,0.086,0.085,0.628,0.627,0.633,0.63,0.738,0.741,0.745,0.737,0.549,0.555,0.562,0.56,0.668,0.666,0.671,0.672,0.51,0.505,0.511,0.51,0.581,0.564,0.562,0.568,0.281,0.279,0.293,0.308,0.455,0.443,0.446,0.448,0.466,0.463,0.457,0.453,0.449,0.452,0.442,0.452
20.37611111111111,0.089,0.087,0.763,0.771,0.794,0.791,0.086,0.084,0.629,0.624,0.635,0.63,0.737,0.733,0.738,0.738,0.549,0.548,0.563,0.556,0.668,0.665,0.671,0.672,0.509,0.504,0.511,0.509,0.581,0.564,0.563,0.569,0.282,0.28,0.293,0.309,0.454,0.443,0.446,0.448,0.466,0.463,0.457,0.454,0.45,0.454,0.443,0.454
20.47611111111111,0.089,0.087,0.769,0.772,0.793,0.793,0.086,0.084,0.63,0.626,0.638,0.633,0.743,0.735,0.739,0.739,0.552,0.55,0.567,0.561,0.667,0.666,0.671,0.672,0.509,0.504,0.51,0.509,0.583,0.566,0.564,0.57,0.284,0.282,0.296,0.312,0.456,0.445,0.447,0.449,0.468,0.464,0.458,0.456,0.451,0.455,0.444,0.455
20.57611111111111,0.089,0.087,0.774,0.773,0.791,0.789,0.086,0.084,0.63,0.63,0.64,0.642,0.742,0.735,0.74,0.74,0.553,0.551,0.563,0.557,0.668,0.666,0.671,0.672,0.508,0.503,0.51,0.509,0.584,0.567,0.565,0.571,0.286,0.284,0.298,0.314,0.457,0.445,0.449,0.451,0.469,0.465,0.46,0.456,0.452,0.455,0.445,0.456
20.67611111111111,0.089,0.087,0.763,0.774,0.789,0.799,0.086,0.084,0.632,0.628,0.643,0.64,0.744,0.737,0.741,0.741,0.553,0.551,0.567,0.558,0.668,0.666,0.672,0.672,0.507,0.502,0.51,0.508,0.583,0.568,0.565,0.571,0.288,0.285,0.301,0.317,0.459,0.448,0.45,0.452,0.47,0.466,0.461,0.457,0.454,0.457,0.447,0.457
20.77611111111111,0.09,0.087,0.762,0.775,0.806,0.795,0.086,0.085,0.635,0.642,0.646,0.641,0.748,0.738,0.744,0.742,0.557,0.551,0.572,0.564,0.669,0.667,0.672,0.673,0.507,0.502,0.509,0.507,0.584,0.57,0.565,0.572,0.289,0.287,0.303,0.32,0.46,0.449,0.452,0.454,0.472,0.469,0.462,0.459,0.455,0.458,0.448,0.459
20.87611111111111,0.09,0.087,0.763,0.776,0.8,0.795,0.086,0.085,0.638,0.633,0.653,0.643,0.747,0.739,0.743,0.742,0.554,0.553,0.569,0.563,0.669,0.667,0.672,0.673,0.506,0.502,0.508,0.507,0.585,0.57,0.566,0.573,0.292,0.29,0.305,0.322,0.461,0.45,0.453,0.456,0.473,0.469,0.464,0.46,0.456,0.46,0.449,0.46
20.97611111111111,0.089,0.088,0.793,0.776,0.821,0.796,0.086,0.085,0.641,0.637,0.668,0.647,0.747,0.74,0.747,0.745,0.558,0.556,0.572,0.57,0.669,0.667,0.673,0.673,0.506,0.501,0.508,0.507,0.587,0.573,0.567,0.574,0.293,0.291,0.307,0.324,0.462,0.451,0.455,0.457,0.474,0.471,0.464,0.461,0.458,0.461,0.451,0.461
21.07611111111111,0.089,0.087,0.784,0.773,0.797,0.794,0.086,0.085,0.646,0.654,0.654,0.648,0.761,0.74,0.747,0.746,0.557,0.554,0.568,0.565,0.669,0.667,0.673,0.673,0.506,0.501,0.507,0.506,0.587,0.572,0.568,0.575,0.295,0.293,0.309,0.327,0.463,0.451,0.456,0.457,0.475,0.471,0.466,0.462,0.459,0.463,0.452,0.463
21.17611111111111,0.089,0.087,0.785,0.772,0.797,0.796,0.086,0.084,0.645,0.645,0.659,0.65,0.748,0.741,0.747,0.746,0.558,0.555,0.57,0.568,0.669,0.666,0.672,0.674,0.505,0.499,0.506,0.505,0.588,0.573,0.569,0.577,0.298,0.295,0.31,0.328,0.464,0.453,0.457,0.458,0.476,0.472,0.467,0.463,0.46,0.464,0.453,0.464
21.27611111111111,0.09,0.087,0.763,0.78,0.799,0.8,0.086,0.085,0.646,0.645,0.661,0.654,0.756,0.742,0.749,0.747,0.558,0.557,0.573,0.57,0.669,0.666,0.673,0.674,0.504,0.499,0.506,0.505,0.589,0.574,0.57,0.578,0.299,0.297,0.313,0.331,0.466,0.454,0.458,0.46,0.477,0.473,0.468,0.464,0.461,0.465,0.455,0.465
21.37611111111111,0.089,0.087,0.769,0.774,0.802,0.798,0.086,0.085,0.649,0.646,0.658,0.651,0.749,0.744,0.75,0.75,0.558,0.558,0.578,0.572,0.669,0.667,0.674,0.674,0.504,0.499,0.505,0.504,0.59,0.574,0.571,0.579,0.301,0.299,0.316,0.334,0.467,0.455,0.46,0.462,0.479,0.475,0.469,0.466,0.463,0.466,0.456,0.467
21.47611111111111,0.09,0.087,0.769,0.78,0.802,0.804,0.086,0.085,0.651,0.65,0.655,0.654,0.754,0.746,0.752,0.75,0.559,0.559,0.578,0.565,0.669,0.667,0.674,0.674,0.503,0.498,0.505,0.504,0.591,0.576,0.573,0.58,0.303,0.301,0.318,0.336,0.469,0.458,0.462,0.464,0.48,0.477,0.471,0.467,0.465,0.468,0.458,0.468
21.57611111111111,0.089,0.087,0.768,0.777,0.799,0.805,0.086,0.085,0.649,0.65,0.656,0.656,0.754,0.746,0.752,0.751,0.56,0.56,0.574,0.569,0.67,0.668,0.674,0.675,0.503,0.498,0.505,0.504,0.592,0.575,0.574,0.581,0.305,0.303,0.32,0.339,0.47,0.458,0.463,0.465,0.481,0.478,0.472,0.468,0.466,0.469,0.459,0.469
21.67611111111111,0.09,0.088,0.768,0.776,0.803,0.804,0.087,0.085,0.658,0.652,0.656,0.656,0.749,0.746,0.751,0.752,0.564,0.561,0.572,0.567,0.669,0.667,0.673,0.675,0.502,0.497,0.504,0.503,0.594,0.576,0.574,0.582,0.307,0.306,0.323,0.34,0.47,0.459,0.464,0.465,0.481,0.479,0.472,0.469,0.467,0.47,0.459,0.471
21.77611111111111,0.089,0.087,0.763,0.774,0.799,0.814,0.086,0.085,0.648,0.649,0.652,0.656,0.748,0.747,0.754,0.753,0.561,0.56,0.58,0.568,0.67,0.667,0.675,0.675,0.502,0.496,0.503,0.502,0.594,0.576,0.576,0.583,0.309,0.307,0.325,0.343,0.472,0.461,0.465,0.467,0.483,0.479,0.473,0.47,0.469,0.472,0.461,0.472
21.87611111111111,0.089,0.087,0.769,0.778,0.8,0.801,0.086,0.085,0.651,0.649,0.655,0.665,0.758,0.748,0.755,0.754,0.563,0.561,0.576,0.575,0.67,0.669,0.675,0.676,0.501,0.496,0.503,0.502,0.596,0.577,0.577,0.585,0.311,0.309,0.327,0.347,0.474,0.462,0.468,0.468,0.485,0.481,0.475,0.472,0.47,0.473,0.463,0.474
21.97611111111111,0.09,0.088,0.764,0.783,0.804,0.807,0.086,0.085,0.648,0.647,0.656,0.66,0.75,0.75,0.757,0.756,0.563,0.562,0.578,0.578,0.671,0.668,0.675,0.676,0.501,0.496,0.503,0.502,0.597,0.579,0.578,0.586,0.314,0.312,0.33,0.348,0.474,0.462,0.469,0.469,0.486,0.482,0.476,0.472,0.471,0.474,0.464,0.475
22.07611111111111,0.089,0.087,0.763,0.778,0.805,0.804,0.086,0.085,0.648,0.648,0.652,0.657,0.751,0.75,0.756,0.756,0.564,0.563,0.579,0.575,0.671,0.669,0.676,0.676,0.501,0.495,0.502,0.502,0.598,0.579,0.579,0.588,0.315,0.313,0.331,0.351,0.475,0.464,0.469,0.471,0.487,0.483,0.477,0.474,0.473,0.476,0.465,0.477
22.17611111111111,0.089,0.087,0.762,0.777,0.806,0.809,0.086,0.085,0.647,0.645,0.652,0.671,0.751,0.751,0.758,0.756,0.567,0.564,0.58,0.576,0.671,0.669,0.675,0.676,0.5,0.495,0.502,0.501,0.599,0.58,0.58,0.588,0.317,0.315,0.334,0.353,0.476,0.465,0.471,0.472,0.489,0.484,0.479,0.475,0.474,0.477,0.467,0.478
22.27611111111111,0.089,0.086,0.765,0.779,0.808,0.808,0.086,0.085,0.646,0.645,0.652,0.659,0.753,0.752,0.759,0.757,0.567,0.566,0.581,0.577,0.671,0.668,0.675,0.676,0.499,0.494,0.501,0.501,0.6,0.581,0.581,0.589,0.319,0.318,0.336,0.356,0.478,0.466,0.472,0.473,0.489,0.486,0.48,0.476,0.475,0.478,0.468,0.479
22.37611111111111,0.09,0.087,0.768,0.782,0.813,0.814,0.087,0.086,0.648,0.643,0.667,0.666,0.756,0.755,0.762,0.763,0.575,0.57,0.59,0.579,0.671,0.67,0.676,0.677,0.499,0.494,0.501,0.5,0.602,0.582,0.583,0.591,0.322,0.32,0.338,0.36,0.48,0.469,0.475,0.475,0.492,0.489,0.482,0.478,0.477,0.48,0.47,0.481
22.47611111111111,0.089,0.087,0.773,0.788,0.811,0.812,0.086,0.085,0.647,0.644,0.653,0.657,0.757,0.755,0.763,0.761,0.568,0.568,0.59,0.58,0.672,0.67,0.677,0.678,0.499,0.493,0.5,0.5,0.603,0.583,0.584,0.592,0.323,0.322,0.341,0.362,0.482,0.47,0.477,0.476,0.494,0.49,0.482,0.479,0.479,0.482,0.471,0.482
22.57611111111111,0.089,0.087,0.767,0.782,0.81,0.81,0.086,0.085,0.644,0.644,0.651,0.655,0.755,0.754,0.762,0.762,0.569,0.568,0.582,0.577,0.672,0.669,0.676,0.677,0.498,0.493,0.5,0.499,0.604,0.584,0.585,0.593,0.325,0.324,0.342,0.364,0.481,0.47,0.477,0.477,0.495,0.491,0.484,0.48,0.479,0.483,0.472,0.484
22.67611111111111,0.089,0.087,0.768,0.782,0.811,0.812,0.086,0.085,0.644,0.642,0.65,0.655,0.76,0.756,0.765,0.764,0.571,0.568,0.587,0.579,0.672,0.671,0.677,0.678,0.498,0.492,0.499,0.498,0.605,0.585,0.586,0.595,0.328,0.326,0.345,0.367,0.483,0.471,0.478,0.479,0.497,0.493,0.485,0.481,0.481,0.485,0.474,0.485
22.77611111111111,0.089,0.087,0.771,0.786,0.813,0.816,0.086,0.086,0.65,0.642,0.65,0.655,0.769,0.758,0.767,0.764,0.574,0.575,0.59,0.582,0.674,0.671,0.678,0.679,0.498,0.492,0.499,0.498,0.606,0.587,0.587,0.595,0.33,0.329,0.348,0.37,0.487,0.475,0.481,0.481,0.499,0.495,0.487,0.483,0.483,0.486,0.475,0.487
22.87611111111111,0.089,0.087,0.767,0.785,0.813,0.817,0.086,0.085,0.644,0.642,0.649,0.655,0.764,0.758,0.766,0.766,0.573,0.572,0.586,0.583,0.673,0.67,0.678,0.679,0.497,0.491,0.499,0.498,0.608,0.588,0.589,0.597,0.332,0.331,0.35,0.372,0.487,0.474,0.481,0.482,0.501,0.496,0.489,0.485,0.484,0.488,0.476,0.488
22.97611111111111,0.089,0.087,0.77,0.787,0.817,0.82,0.085,0.084,0.643,0.642,0.651,0.659,0.763,0.76,0.769,0.768,0.576,0.572,0.59,0.583,0.674,0.671,0.678,0.679,0.496,0.491,0.498,0.497,0.609,0.589,0.59,0.598,0.335,0.333,0.352,0.374,0.488,0.475,0.482,0.483,0.502,0.497,0.491,0.486,0.486,0.489,0.478,0.49
23.07611111111111,0.09,0.087,0.771,0.787,0.816,0.819,0.086,0.084,0.642,0.641,0.656,0.657,0.767,0.76,0.772,0.768,0.577,0.576,0.595,0.583,0.674,0.672,0.678,0.679,0.496,0.491,0.498,0.497,0.61,0.59,0.591,0.6,0.337,0.335,0.354,0.377,0.49,0.477,0.484,0.485,0.502,0.498,0.493,0.487,0.487,0.491,0.48,0.492
23.17611111111111,0.089,0.087,0.771,0.785,0.813,0.819,0.086,0.085,0.643,0.639,0.646,0.655,0.765,0.761,0.769,0.768,0.578,0.576,0.59,0.584,0.674,0.672,0.679,0.68,0.496,0.49,0.498,0.497,0.611,0.591,0.592,0.6,0.339,0.338,0.358,0.38,0.492,0.48,0.487,0.486,0.503,0.499,0.495,0.489,0.489,0.493,0.481,0.493
23.27611111111111,0.089,0.087,0.768,0.789,0.819,0.82,0.086,0.085,0.643,0.64,0.648,0.657,0.771,0.762,0.772,0.769,0.579,0.577,0.595,0.585,0.675,0.672,0.679,0.68,0.495,0.49,0.497,0.496,0.612,0.592,0.594,0.602,0.341,0.34,0.36,0.383,0.494,0.48,0.488,0.488,0.505,0.5,0.496,0.49,0.49,0.496,0.482,0.495
23.37611111111111,0.09,0.087,0.77,0.809,0.818,0.825,0.086,0.085,0.642,0.638,0.649,0.656,0.774,0.764,0.776,0.772,0.58,0.578,0.596,0.591,0.676,0.673,0.68,0.68,0.495,0.49,0.497,0.496,0.613,0.593,0.595,0.603,0.343,0.342,0.362,0.386,0.495,0.482,0.49,0.49,0.505,0.501,0.496,0.492,0.492,0.497,0.484,0.497
23.47611111111111,0.089,0.087,0.772,0.804,0.822,0.838,0.086,0.085,0.641,0.64,0.651,0.661,0.77,0.765,0.779,0.773,0.58,0.58,0.596,0.59,0.676,0.673,0.68,0.681,0.495,0.489,0.497,0.495,0.615,0.594,0.596,0.604,0.346,0.344,0.365,0.388,0.495,0.483,0.491,0.491,0.506,0.502,0.498,0.494,0.494,0.499,0.486,0.498
23.57611111111111,0.089,0.087,0.772,0.793,0.823,0.825,0.086,0.085,0.643,0.639,0.651,0.657,0.782,0.765,0.781,0.774,0.582,0.58,0.598,0.593,0.676,0.674,0.68,0.681,0.495,0.488,0.496,0.495,0.616,0.595,0.597,0.606,0.348,0.346,0.367,0.392,0.496,0.485,0.493,0.493,0.508,0.503,0.499,0.496,0.496,0.5,0.488,0.501
23.67611111111111,0.089,0.087,0.772,0.796,0.826,0.832,0.086,0.085,0.639,0.637,0.657,0.656,0.771,0.766,0.776,0.775,0.583,0.582,0.598,0.594,0.676,0.674,0.68,0.682,0.494,0.488,0.496,0.495,0.617,0.596,0.598,0.607,0.35,0.349,0.369,0.394,0.496,0.486,0.495,0.495,0.509,0.503,0.5,0.497,0.498,0.5,0.489,0.503
23.77611111111111,0.089,0.087,0.768,0.794,0.827,0.83,0.086,0.085,0.64,0.639,0.649,0.658,0.77,0.767,0.775,0.775,0.585,0.584,0.6,0.598,0.677,0.674,0.681,0.683,0.493,0.488,0.496,0.495,0.619,0.598,0.599,0.608,0.352,0.351,0.372,0.397,0.498,0.487,0.496,0.497,0.51,0.505,0.501,0.498,0.5,0.502,0.491,0.504
23.87611111111111,0.089,0.087,0.768,0.79,0.823,0.826,0.085,0.085,0.649,0.637,0.646,0.657,0.769,0.769,0.775,0.776,0.585,0.583,0.599,0.593,0.677,0.674,0.681,0.682,0.493,0.487,0.495,0.494,0.619,0.598,0.601,0.609,0.355,0.354,0.375,0.399,0.499,0.489,0.498,0.499,0.511,0.505,0.502,0.499,0.5,0.503,0.493,0.505
23.97611111111111,0.09,0.088,0.769,0.796,0.83,0.829,0.086,0.085,0.641,0.637,0.647,0.657,0.77,0.767,0.775,0.774,0.587,0.584,0.601,0.595,0.676,0.673,0.681,0.682,0.493,0.487,0.495,0.494,0.62,0.599,0.601,0.61,0.357,0.356,0.378,0.403,0.5,0.49,0.498,0.5,0.511,0.508,0.502,0.5,0.502,0.504,0.494,0.506
24.07611111111111,0.089,0.087,0.78,0.796,0.828,0.83,0.086,0.085,0.644,0.639,0.649,0.657,0.772,0.77,0.777,0.775,0.59,0.587,0.604,0.596,0.678,0.675,0.682,0.683,0.493,0.487,0.495,0.494,0.622,0.6,0.603,0.612,0.36,0.359,0.38,0.405,0.501,0.492,0.499,0.501,0.513,0.508,0.504,0.502,0.503,0.505,0.496,0.507
24.17611111111111,0.089,0.087,0.779,0.801,0.831,0.83,0.085,0.085,0.639,0.639,0.65,0.656,0.773,0.771,0.779,0.775,0.59,0.588,0.605,0.598,0.679,0.675,0.682,0.683,0.492,0.487,0.494,0.494,0.622,0.602,0.604,0.612,0.362,0.361,0.382,0.408,0.502,0.493,0.5,0.502,0.513,0.509,0.505,0.502,0.504,0.506,0.497,0.508
24.27611111111111,0.091,0.088,0.777,0.803,0.835,0.831,0.086,0.087,0.644,0.638,0.648,0.657,0.777,0.771,0.78,0.778,0.598,0.589,0.607,0.6,0.679,0.675,0.683,0.684,0.492,0.487,0.494,0.494,0.624,0.603,0.606,0.614,0.364,0.364,0.385,0.412,0.503,0.495,0.502,0.504,0.514,0.51,0.506,0.503,0.505,0.507,0.498,0.509
24.37611111111111,0.089,0.087,0.779,0.799,0.836,0.837,0.085,0.085,0.639,0.639,0.651,0.659,0.779,0.773,0.782,0.779,0.592,0.593,0.608,0.601,0.68,0.676,0.683,0.684,0.492,0.486,0.494,0.494,0.624,0.604,0.607,0.615,0.366,0.366,0.388,0.414,0.504,0.496,0.502,0.505,0.515,0.511,0.507,0.504,0.507,0.508,0.499,0.51
24.47611111111111,0.089,0.087,0.78,0.806,0.834,0.839,0.085,0.086,0.638,0.639,0.65,0.658,0.78,0.774,0.787,0.78,0.595,0.592,0.609,0.603,0.68,0.676,0.683,0.685,0.492,0.486,0.494,0.493,0.625,0.605,0.608,0.617,0.369,0.368,0.391,0.417,0.504,0.496,0.503,0.506,0.516,0.512,0.508,0.505,0.508,0.509,0.5,0.511
24.57611111111111,0.09,0.088,0.776,0.807,0.836,0.837,0.085,0.087,0.64,0.639,0.649,0.659,0.778,0.774,0.783,0.781,0.597,0.593,0.612,0.604,0.68,0.677,0.684,0.685,0.491,0.485,0.493,0.493,0.626,0.606,0.61,0.618,0.371,0.371,0.393,0.42,0.505,0.497,0.504,0.507,0.517,0.513,0.508,0.505,0.508,0.51,0.501,0.512
24.67611111111111,0.091,0.088,0.778,0.825,0.846,0.838,0.085,0.088,0.639,0.635,0.656,0.663,0.79,0.778,0.792,0.783,0.602,0.596,0.62,0.605,0.681,0.677,0.685,0.686,0.491,0.485,0.493,0.493,0.626,0.608,0.61,0.62,0.374,0.373,0.397,0.423,0.506,0.498,0.505,0.508,0.518,0.513,0.509,0.506,0.509,0.511,0.502,0.513
24.77611111111111,0.089,0.087,0.783,0.802,0.838,0.839,0.085,0.087,0.636,0.636,0.655,0.661,0.781,0.777,0.783,0.783,0.598,0.596,0.62,0.607,0.681,0.678,0.685,0.686,0.491,0.485,0.493,0.492,0.627,0.608,0.612,0.62,0.375,0.376,0.401,0.426,0.508,0.5,0.508,0.509,0.519,0.515,0.51,0.507,0.51,0.512,0.503,0.514
24.87611111111111,0.089,0.087,0.783,0.806,0.838,0.841,0.085,0.087,0.638,0.637,0.65,0.667,0.786,0.779,0.786,0.784,0.6,0.599,0.617,0.608,0.682,0.679,0.685,0.687,0.49,0.485,0.493,0.492,0.627,0.61,0.613,0.622,0.378,0.378,0.401,0.428,0.509,0.5,0.508,0.51,0.52,0.516,0.512,0.508,0.511,0.513,0.504,0.515
24.97611111111111,0.089,0.087,0.784,0.809,0.84,0.841,0.085,0.087,0.637,0.636,0.651,0.662,0.796,0.78,0.787,0.786,0.602,0.606,0.62,0.61,0.683,0.679,0.686,0.687,0.49,0.485,0.492,0.492,0.628,0.611,0.614,0.623,0.381,0.381,0.404,0.431,0.509,0.501,0.508,0.511,0.521,0.516,0.513,0.509,0.512,0.514,0.505,0.516
25.07611111111111,0.089,0.086,0.781,0.807,0.845,0.841,0.085,0.087,0.637,0.636,0.651,0.661,0.785,0.78,0.788,0.787,0.603,0.601,0.62,0.614,0.682,0.679,0.687,0.688,0.49,0.484,0.492,0.492,0.628,0.612,0.616,0.624,0.384,0.383,0.406,0.434,0.51,0.501,0.509,0.512,0.522,0.517,0.513,0.51,0.513,0.515,0.506,0.517
25.17611111111111,0.089,0.087,0.785,0.811,0.841,0.842,0.085,0.088,0.635,0.634,0.65,0.662,0.783,0.78,0.789,0.788,0.604,0.603,0.623,0.613,0.683,0.68,0.687,0.688,0.489,0.484,0.492,0.492,0.629,0.613,0.617,0.626,0.387,0.385,0.409,0.437,0.511,0.503,0.511,0.513,0.523,0.518,0.514,0.511,0.515,0.515,0.508,0.518
25.27611111111111,0.09,0.087,0.787,0.818,0.843,0.846,0.086,0.089,0.647,0.635,0.657,0.662,0.794,0.783,0.791,0.793,0.605,0.606,0.625,0.622,0.684,0.68,0.688,0.689,0.49,0.484,0.492,0.491,0.629,0.615,0.618,0.627,0.389,0.388,0.412,0.44,0.513,0.505,0.512,0.513,0.524,0.519,0.515,0.512,0.515,0.517,0.509,0.519
25.37611111111111,0.089,0.087,0.783,0.809,0.843,0.847,0.085,0.088,0.638,0.636,0.653,0.663,0.793,0.785,0.79,0.788,0.607,0.606,0.625,0.621,0.684,0.68,0.688,0.689,0.489,0.483,0.492,0.491,0.629,0.615,0.619,0.627,0.39,0.39,0.414,0.442,0.512,0.505,0.512,0.515,0.525,0.52,0.516,0.513,0.517,0.517,0.509,0.521
25.47611111111111,0.09,0.087,0.784,0.813,0.845,0.851,0.085,0.09,0.64,0.634,0.652,0.666,0.794,0.785,0.792,0.79,0.61,0.607,0.63,0.622,0.685,0.681,0.689,0.689,0.489,0.483,0.491,0.491,0.63,0.616,0.62,0.629,0.394,0.393,0.417,0.445,0.514,0.506,0.514,0.516,0.526,0.521,0.517,0.514,0.517,0.519,0.51,0.522
25.57611111111111,0.09,0.087,0.784,0.812,0.845,0.859,0.085,0.09,0.634,0.633,0.65,0.663,0.791,0.785,0.792,0.79,0.609,0.608,0.628,0.622,0.686,0.682,0.689,0.69,0.489,0.483,0.491,0.491,0.629,0.617,0.621,0.629,0.396,0.396,0.42,0.448,0.514,0.506,0.514,0.516,0.527,0.522,0.518,0.515,0.519,0.519,0.511,0.522
25.67611111111111,0.089,0.087,0.785,0.815,0.849,0.852,0.086,0.089,0.635,0.634,0.65,0.665,0.792,0.786,0.794,0.791,0.612,0.609,0.629,0.626,0.686,0.682,0.689,0.691,0.489,0.482,0.491,0.491,0.63,0.617,0.623,0.63,0.398,0.399,0.422,0.451,0.515,0.507,0.515,0.517,0.528,0.523,0.519,0.516,0.519,0.521,0.512,0.524
25.77611111111111,0.089,0.087,0.788,0.815,0.847,0.853,0.085,0.09,0.634,0.634,0.653,0.667,0.793,0.788,0.795,0.793,0.613,0.61,0.633,0.625,0.686,0.683,0.69,0.691,0.488,0.482,0.491,0.491,0.63,0.618,0.623,0.63,0.401,0.4,0.424,0.453,0.515,0.508,0.516,0.519,0.528,0.524,0.52,0.517,0.521,0.522,0.513,0.525
25.87611111111111,0.089,0.087,0.789,0.816,0.848,0.859,0.086,0.089,0.635,0.635,0.65,0.669,0.794,0.789,0.796,0.795,0.615,0.615,0.632,0.624,0.686,0.683,0.69,0.691,0.488,0.482,0.491,0.49,0.63,0.619,0.624,0.631,0.403,0.403,0.427,0.455,0.516,0.508,0.517,0.519,0.529,0.525,0.521,0.517,0.521,0.523,0.514,0.526
25.97611111111111,0.091,0.088,0.791,0.82,0.853,0.86,0.085,0.093,0.638,0.64,0.66,0.667,0.796,0.788,0.796,0.796,0.619,0.613,0.637,0.629,0.687,0.683,0.69,0.692,0.488,0.482,0.491,0.49,0.631,0.619,0.625,0.631,0.405,0.406,0.431,0.46,0.518,0.511,0.518,0.52,0.531,0.526,0.522,0.519,0.523,0.524,0.515,0.527
26.07611111111111,0.089,0.087,0.784,0.816,0.851,0.858,0.086,0.091,0.633,0.634,0.653,0.668,0.793,0.789,0.798,0.795,0.617,0.615,0.636,0.627,0.688,0.684,0.691,0.692,0.488,0.482,0.49,0.49,0.63,0.62,0.625,0.632,0.408,0.409,0.432,0.461,0.518,0.51,0.519,0.521,0.532,0.527,0.522,0.519,0.523,0.524,0.516,0.527
26.17611111111111,0.089,0.087,0.791,0.818,0.856,0.858,0.085,0.092,0.634,0.636,0.652,0.669,0.798,0.793,0.801,0.798,0.619,0.616,0.637,0.629,0.688,0.684,0.691,0.693,0.488,0.481,0.49,0.491,0.63,0.62,0.626,0.632,0.411,0.41,0.434,0.464,0.519,0.511,0.519,0.523,0.533,0.528,0.523,0.521,0.524,0.526,0.517,0.529
26.27611111111111,0.089,0.087,0.789,0.819,0.856,0.86,0.086,0.093,0.634,0.635,0.659,0.667,0.798,0.793,0.801,0.799,0.62,0.62,0.638,0.632,0.689,0.685,0.692,0.693,0.488,0.481,0.49,0.49,0.631,0.621,0.626,0.632,0.413,0.413,0.437,0.467,0.52,0.512,0.521,0.523,0.533,0.528,0.525,0.521,0.525,0.527,0.518,0.53
26.37611111111111,0.089,0.086,0.791,0.818,0.861,0.864,0.086,0.092,0.633,0.634,0.651,0.667,0.798,0.792,0.8,0.799,0.621,0.619,0.637,0.633,0.69,0.686,0.693,0.694,0.487,0.481,0.49,0.49,0.631,0.621,0.627,0.632,0.416,0.416,0.44,0.469,0.521,0.512,0.522,0.525,0.535,0.53,0.526,0.522,0.526,0.528,0.52,0.53
26.47611111111111,0.09,0.087,0.793,0.82,0.878,0.862,0.086,0.095,0.633,0.633,0.653,0.667,0.802,0.794,0.802,0.8,0.625,0.621,0.638,0.633,0.69,0.686,0.693,0.694,0.487,0.481,0.49,0.49,0.631,0.621,0.628,0.633,0.419,0.419,0.443,0.473,0.523,0.514,0.523,0.526,0.536,0.531,0.527,0.523,0.528,0.529,0.52,0.531
26.57611111111111,0.089,0.087,0.79,0.827,0.855,0.86,0.086,0.095,0.631,0.63,0.65,0.667,0.797,0.793,0.803,0.8,0.626,0.624,0.638,0.634,0.691,0.686,0.694,0.695,0.487,0.481,0.49,0.49,0.632,0.622,0.628,0.633,0.421,0.421,0.446,0.476,0.523,0.514,0.525,0.527,0.537,0.532,0.528,0.524,0.528,0.53,0.521,0.533
26.67611111111111,0.09,0.087,0.795,0.824,0.857,0.863,0.086,0.097,0.633,0.631,0.657,0.67,0.804,0.795,0.808,0.801,0.629,0.626,0.645,0.632,0.692,0.687,0.694,0.695,0.487,0.481,0.49,0.49,0.632,0.622,0.628,0.634,0.423,0.424,0.449,0.477,0.524,0.516,0.525,0.528,0.538,0.533,0.529,0.525,0.53,0.53,0.523,0.534
26.77611111111111,0.089,0.087,0.792,0.825,0.859,0.867,0.086,0.096,0.633,0.633,0.652,0.67,0.8,0.796,0.804,0.803,0.629,0.627,0.638,0.632,0.692,0.688,0.694,0.696,0.487,0.481,0.49,0.49,0.632,0.622,0.628,0.634,0.426,0.426,0.451,0.48,0.525,0.516,0.526,0.529,0.539,0.534,0.529,0.526,0.53,0.532,0.524,0.535
26.87611111111111,0.091,0.088,0.797,0.828,0.863,0.863,0.086,0.099,0.632,0.634,0.656,0.671,0.808,0.798,0.806,0.804,0.634,0.628,0.639,0.635,0.694,0.688,0.696,0.696,0.487,0.481,0.49,0.49,0.633,0.623,0.629,0.635,0.428,0.43,0.454,0.484,0.527,0.518,0.528,0.53,0.54,0.535,0.53,0.527,0.532,0.533,0.525,0.537
26.97611111111111,0.09,0.087,0.795,0.824,0.862,0.867,0.085,0.099,0.631,0.631,0.66,0.671,0.807,0.798,0.806,0.804,0.628,0.627,0.638,0.638,0.694,0.689,0.696,0.697,0.487,0.48,0.489,0.49,0.633,0.622,0.629,0.635,0.431,0.432,0.456,0.485,0.527,0.518,0.528,0.53,0.541,0.536,0.531,0.528,0.533,0.534,0.526,0.537
27.07611111111111,0.089,0.087,0.794,0.826,0.865,0.87,0.086,0.099,0.632,0.635,0.653,0.674,0.802,0.798,0.807,0.806,0.63,0.628,0.637,0.632,0.694,0.689,0.696,0.698,0.487,0.48,0.49,0.49,0.633,0.623,0.629,0.634,0.433,0.434,0.458,0.487,0.528,0.519,0.529,0.532,0.543,0.537,0.532,0.529,0.533,0.535,0.526,0.538
27.17611111111111,0.09,0.087,0.797,0.824,0.864,0.882,0.085,0.1,0.63,0.631,0.657,0.672,0.809,0.8,0.808,0.806,0.629,0.629,0.638,0.636,0.695,0.69,0.697,0.698,0.487,0.48,0.49,0.49,0.633,0.623,0.63,0.634,0.436,0.436,0.461,0.49,0.529,0.52,0.53,0.533,0.543,0.537,0.533,0.53,0.535,0.536,0.528,0.54
27.27611111111111,0.089,0.087,0.799,0.826,0.864,0.87,0.085,0.1,0.631,0.633,0.654,0.673,0.801,0.8,0.808,0.807,0.628,0.628,0.638,0.633,0.694,0.69,0.698,0.699,0.486,0.48,0.489,0.49,0.633,0.623,0.629,0.635,0.438,0.44,0.463,0.49,0.529,0.521,0.531,0.533,0.544,0.538,0.534,0.531,0.536,0.537,0.528,0.54
27.37611111111111,0.089,0.087,0.796,0.831,0.866,0.871,0.085,0.102,0.631,0.632,0.655,0.673,0.804,0.801,0.809,0.807,0.628,0.627,0.638,0.637,0.696,0.691,0.698,0.699,0.486,0.48,0.489,0.49,0.634,0.623,0.63,0.635,0.441,0.441,0.466,0.489,0.531,0.521,0.532,0.534,0.545,0.539,0.535,0.531,0.536,0.538,0.529,0.541
27.47611111111111,0.089,0.086,0.793,0.828,0.864,0.868,0.086,0.105,0.636,0.631,0.652,0.673,0.803,0.8,0.81,0.811,0.628,0.627,0.637,0.632,0.697,0.691,0.698,0.7,0.486,0.48,0.489,0.49,0.634,0.624,0.631,0.635,0.444,0.443,0.469,0.486,0.531,0.522,0.533,0.535,0.546,0.54,0.536,0.533,0.538,0.539,0.53,0.542
27.57611111111111,0.09,0.087,0.799,0.831,0.869,0.872,0.085,0.111,0.631,0.631,0.657,0.673,0.805,0.803,0.812,0.81,0.629,0.626,0.64,0.632,0.697,0.692,0.699,0.7,0.486,0.48,0.489,0.49,0.634,0.624,0.63,0.636,0.446,0.447,0.472,0.483,0.532,0.523,0.534,0.537,0.547,0.542,0.537,0.534,0.539,0.54,0.532,0.543
27.67611111111111,0.089,0.087,0.791,0.83,0.866,0.871,0.085,0.113,0.63,0.63,0.653,0.675,0.806,0.804,0.812,0.811,0.628,0.626,0.634,0.631,0.697,0.693,0.7,0.701,0.487,0.479,0.489,0.49,0.634,0.624,0.631,0.636,0.449,0.448,0.474,0.481,0.534,0.524,0.535,0.538,0.548,0.542,0.538,0.534,0.54,0.541,0.533,0.544
27.77611111111111,0.089,0.087,0.794,0.831,0.866,0.87,0.086,0.118,0.63,0.63,0.653,0.674,0.806,0.804,0.813,0.812,0.627,0.625,0.635,0.633,0.698,0.693,0.7,0.702,0.486,0.48,0.49,0.49,0.635,0.624,0.631,0.636,0.451,0.452,0.476,0.48,0.534,0.525,0.536,0.539,0.549,0.543,0.539,0.535,0.541,0.542,0.534,0.546
27.87611111111111,0.089,0.087,0.792,0.832,0.869,0.873,0.085,0.117,0.629,0.631,0.653,0.679,0.807,0.803,0.814,0.812,0.627,0.624,0.636,0.631,0.698,0.694,0.7,0.702,0.486,0.48,0.489,0.49,0.634,0.624,0.631,0.637,0.454,0.454,0.478,0.477,0.535,0.525,0.537,0.54,0.551,0.544,0.54,0.536,0.542,0.543,0.535,0.546
27.97611111111111,0.09,0.087,0.799,0.831,0.871,0.873,0.085,0.12,0.629,0.632,0.664,0.682,0.811,0.807,0.815,0.814,0.627,0.631,0.637,0.637,0.7,0.694,0.701,0.703,0.487,0.48,0.49,0.491,0.635,0.625,0.631,0.637,0.457,0.457,0.481,0.476,0.536,0.527,0.538,0.541,0.552,0.546,0.541,0.537,0.543,0.544,0.536,0.548
28.07611111111111,0.089,0.087,0.817,0.833,0.873,0.875,0.086,0.116,0.629,0.639,0.654,0.676,0.809,0.807,0.816,0.815,0.625,0.624,0.637,0.632,0.699,0.695,0.702,0.703,0.487,0.48,0.49,0.49,0.635,0.625,0.632,0.637,0.459,0.459,0.483,0.474,0.537,0.528,0.539,0.542,0.553,0.547,0.542,0.538,0.544,0.545,0.536,0.549
28.17611111111111,0.089,0.087,0.802,0.839,0.878,0.876,0.085,0.117,0.631,0.632,0.656,0.678,0.814,0.808,0.816,0.815,0.626,0.624,0.636,0.633,0.701,0.695,0.702,0.704,0.487,0.48,0.49,0.49,0.635,0.625,0.632,0.637,0.461,0.461,0.485,0.473,0.538,0.528,0.54,0.543,0.553,0.547,0.543,0.539,0.545,0.546,0.538,0.55
28.27611111111111,0.089,0.087,0.805,0.829,0.883,0.879,0.085,0.117,0.629,0.631,0.655,0.677,0.811,0.808,0.817,0.816,0.625,0.624,0.635,0.633,0.701,0.695,0.703,0.705,0.487,0.48,0.49,0.491,0.635,0.626,0.632,0.637,0.463,0.464,0.485,0.471,0.539,0.529,0.541,0.544,0.554,0.548,0.544,0.54,0.546,0.547,0.538,0.551
28.37611111111111,0.09,0.087,0.807,0.844,0.877,0.877,0.085,0.118,0.629,0.629,0.655,0.679,0.82,0.811,0.818,0.817,0.626,0.625,0.634,0.634,0.702,0.696,0.703,0.704,0.487,0.48,0.49,0.491,0.636,0.626,0.633,0.637,0.466,0.466,0.481,0.47,0.54,0.531,0.542,0.545,0.555,0.55,0.545,0.541,0.548,0.549,0.539,0.552
28.47611111111111,0.092,0.088,0.81,0.843,0.876,0.879,0.085,0.137,0.629,0.632,0.655,0.682,0.814,0.81,0.819,0.818,0.626,0.624,0.635,0.632,0.702,0.696,0.704,0.705,0.486,0.48,0.49,0.491,0.636,0.626,0.632,0.638,0.468,0.468,0.478,0.469,0.54,0.53,0.543,0.546,0.556,0.551,0.546,0.541,0.548,0.549,0.54,0.553
28.57611111111111,0.09,0.087,0.806,0.837,0.878,0.881,0.085,0.122,0.629,0.631,0.656,0.68,0.818,0.813,0.821,0.82,0.624,0.623,0.634,0.633,0.702,0.697,0.705,0.706,0.487,0.48,0.49,0.491,0.637,0.626,0.633,0.638,0.471,0.47,0.476,0.468,0.542,0.532,0.544,0.547,0.557,0.552,0.547,0.542,0.549,0.55,0.542,0.554
28.67611111111111,0.09,0.087,0.808,0.842,0.879,0.885,0.085,0.124,0.629,0.63,0.658,0.683,0.819,0.812,0.821,0.82,0.624,0.623,0.636,0.632,0.703,0.698,0.704,0.707,0.488,0.48,0.49,0.492,0.636,0.626,0.633,0.638,0.473,0.473,0.474,0.467,0.542,0.533,0.545,0.548,0.558,0.553,0.548,0.544,0.551,0.551,0.543,0.555
28.77611111111111,0.089,0.087,0.806,0.839,0.879,0.885,0.086,0.127,0.629,0.628,0.658,0.681,0.815,0.812,0.823,0.821,0.624,0.622,0.634,0.632,0.704,0.698,0.706,0.707,0.488,0.48,0.491,0.491,0.637,0.627,0.633,0.639,0.475,0.475,0.472,0.467,0.544,0.534,0.546,0.549,0.559,0.554,0.549,0.545,0.551,0.552,0.544,0.557
28.87611111111111,0.089,0.087,0.806,0.844,0.882,0.889,0.085,0.129,0.629,0.631,0.657,0.682,0.82,0.815,0.823,0.821,0.628,0.623,0.634,0.634,0.705,0.699,0.706,0.707,0.487,0.48,0.491,0.492,0.637,0.627,0.633,0.639,0.478,0.477,0.47,0.466,0.544,0.535,0.547,0.55,0.561,0.554,0.55,0.546,0.553,0.554,0.545,0.557
28.97611111111111,0.09,0.087,0.808,0.842,0.882,0.893,0.085,0.133,0.629,0.631,0.659,0.685,0.82,0.815,0.824,0.821,0.624,0.625,0.635,0.637,0.706,0.699,0.706,0.708,0.488,0.481,0.491,0.492,0.637,0.628,0.634,0.639,0.48,0.479,0.469,0.466,0.546,0.536,0.549,0.552,0.562,0.556,0.551,0.546,0.554,0.555,0.546,0.559
29.07611111111111,0.092,0.088,0.81,0.849,0.884,0.888,0.085,0.136,0.631,0.639,0.663,0.684,0.826,0.816,0.824,0.823,0.627,0.623,0.634,0.634,0.706,0.7,0.707,0.708,0.488,0.481,0.492,0.493,0.637,0.627,0.634,0.639,0.481,0.48,0.468,0.465,0.546,0.536,0.549,0.553,0.563,0.557,0.552,0.548,0.555,0.556,0.547,0.56
29.17611111111111,0.089,0.087,0.806,0.844,0.884,0.884,0.085,0.14,0.629,0.629,0.657,0.685,0.822,0.817,0.825,0.824,0.624,0.621,0.633,0.634,0.706,0.7,0.708,0.709,0.488,0.48,0.492,0.492,0.638,0.628,0.634,0.64,0.484,0.478,0.466,0.465,0.548,0.537,0.551,0.554,0.564,0.557,0.553,0.549,0.556,0.557,0.549,0.561
29.27611111111111,0.089,0.086,0.81,0.847,0.883,0.889,0.086,0.144,0.628,0.629,0.658,0.685,0.821,0.817,0.826,0.824,0.622,0.621,0.633,0.632,0.707,0.701,0.708,0.709,0.488,0.481,0.492,0.493,0.638,0.628,0.635,0.639,0.484,0.475,0.465,0.463,0.548,0.538,0.551,0.555,0.565,0.558,0.554,0.55,0.557,0.558,0.549,0.562
29.37611111111111,0.089,0.086,0.813,0.85,0.884,0.89,0.085,0.148,0.629,0.629,0.659,0.692,0.824,0.818,0.827,0.826,0.622,0.622,0.634,0.633,0.707,0.701,0.709,0.711,0.489,0.481,0.492,0.493,0.638,0.627,0.634,0.64,0.481,0.473,0.464,0.463,0.549,0.539,0.552,0.555,0.566,0.56,0.556,0.551,0.558,0.559,0.55,0.563
29.47611111111111,0.089,0.086,0.813,0.85,0.887,0.89,0.086,0.153,0.628,0.629,0.66,0.687,0.825,0.819,0.827,0.826,0.622,0.622,0.633,0.634,0.709,0.701,0.709,0.71,0.489,0.481,0.492,0.493,0.638,0.628,0.635,0.64,0.479,0.47,0.462,0.462,0.55,0.54,0.553,0.557,0.566,0.561,0.556,0.552,0.56,0.56,0.551,0.564
29.57611111111111,0.09,0.087,0.813,0.852,0.888,0.89,0.085,0.159,0.627,0.629,0.66,0.688,0.829,0.821,0.828,0.826,0.621,0.622,0.639,0.64,0.709,0.702,0.71,0.712,0.489,0.481,0.492,0.493,0.639,0.629,0.636,0.641,0.477,0.469,0.462,0.462,0.551,0.541,0.555,0.558,0.568,0.562,0.557,0.553,0.561,0.561,0.552,0.565
29.67611111111111,0.09,0.087,0.814,0.848,0.888,0.889,0.085,0.164,0.627,0.628,0.658,0.689,0.829,0.82,0.829,0.827,0.622,0.623,0.634,0.634,0.709,0.702,0.71,0.712,0.489,0.482,0.493,0.493,0.639,0.628,0.635,0.641,0.475,0.467,0.461,0.461,0.552,0.542,0.555,0.559,0.568,0.562,0.558,0.553,0.561,0.562,0.553,0.566
29.77611111111111,0.089,0.086,0.812,0.853,0.89,0.892,0.085,0.171,0.628,0.629,0.66,0.689,0.826,0.821,0.83,0.829,0.621,0.621,0.633,0.635,0.71,0.703,0.711,0.712,0.489,0.482,0.493,0.494,0.639,0.628,0.636,0.641,0.473,0.466,0.46,0.461,0.553,0.543,0.557,0.56,0.57,0.564,0.559,0.554,0.563,0.563,0.554,0.567
29.87611111111111,0.089,0.087,0.813,0.849,0.89,0.892,0.085,0.177,0.628,0.629,0.66,0.69,0.837,0.822,0.831,0.829,0.621,0.62,0.633,0.633,0.711,0.704,0.711,0.713,0.49,0.482,0.493,0.494,0.639,0.629,0.636,0.641,0.471,0.464,0.459,0.46,0.554,0.544,0.558,0.561,0.57,0.565,0.56,0.555,0.564,0.565,0.556,0.569
29.97611111111111,0.089,0.087,0.816,0.852,0.895,0.893,0.086,0.185,0.628,0.627,0.661,0.692,0.829,0.823,0.831,0.83,0.622,0.62,0.635,0.635,0.711,0.704,0.712,0.714,0.49,0.482,0.494,0.495,0.64,0.63,0.636,0.642,0.47,0.463,0.458,0.461,0.556,0.544,0.559,0.562,0.571,0.566,0.561,0.556,0.565,0.565,0.556,0.57
30.07611111111111,0.089,0.087,0.815,0.848,0.89,0.905,0.086,0.198,0.627,0.628,0.659,0.69,0.828,0.823,0.833,0.831,0.621,0.619,0.632,0.635,0.712,0.705,0.713,0.714,0.49,0.483,0.494,0.495,0.64,0.629,0.636,0.642,0.468,0.462,0.458,0.46,0.556,0.546,0.56,0.563,0.571,0.567,0.562,0.557,0.566,0.566,0.558,0.571
30.17611111111111,0.09,0.087,0.816,0.853,0.894,0.896,0.085,0.211,0.627,0.629,0.661,0.7,0.845,0.825,0.834,0.833,0.622,0.62,0.637,0.636,0.712,0.705,0.713,0.715,0.491,0.483,0.494,0.495,0.64,0.63,0.636,0.642,0.467,0.461,0.458,0.46,0.557,0.547,0.561,0.564,0.573,0.568,0.563,0.559,0.567,0.568,0.559,0.572
30.27611111111111,0.09,0.087,0.824,0.858,0.894,0.899,0.085,0.224,0.636,0.628,0.665,0.692,0.833,0.826,0.833,0.832,0.621,0.626,0.638,0.636,0.714,0.706,0.714,0.716,0.491,0.484,0.495,0.496,0.641,0.631,0.637,0.642,0.465,0.46,0.457,0.46,0.558,0.547,0.562,0.565,0.572,0.569,0.564,0.559,0.569,0.568,0.56,0.573
30.37611111111111,0.089,0.087,0.819,0.853,0.892,0.896,0.085,0.22,0.627,0.628,0.662,0.694,0.831,0.826,0.834,0.833,0.621,0.62,0.632,0.634,0.714,0.706,0.715,0.716,0.492,0.483,0.494,0.496,0.641,0.63,0.637,0.643,0.465,0.459,0.456,0.459,0.559,0.549,0.563,0.567,0.573,0.569,0.565,0.56,0.57,0.569,0.561,0.574
30.47611111111111,0.09,0.087,0.82,0.854,0.892,0.909,0.085,0.228,0.627,0.63,0.663,0.695,0.832,0.827,0.834,0.833,0.62,0.622,0.634,0.636,0.714,0.707,0.715,0.717,0.492,0.484,0.495,0.497,0.641,0.63,0.637,0.643,0.463,0.457,0.455,0.459,0.56,0.55,0.564,0.568,0.573,0.568,0.566,0.562,0.57,0.571,0.562,0.575
30.57611111111111,0.089,0.087,0.819,0.856,0.894,0.899,0.085,0.239,0.632,0.628,0.661,0.693,0.832,0.827,0.836,0.834,0.62,0.619,0.633,0.635,0.715,0.707,0.716,0.717,0.492,0.484,0.495,0.497,0.641,0.631,0.638,0.643,0.463,0.457,0.455,0.46,0.561,0.55,0.565,0.568,0.574,0.569,0.567,0.562,0.572,0.572,0.564,0.576
30.67611111111111,0.092,0.089,0.826,0.859,0.916,0.9,0.085,0.251,0.633,0.632,0.662,0.695,0.833,0.827,0.835,0.835,0.622,0.619,0.633,0.635,0.715,0.708,0.716,0.717,0.492,0.484,0.496,0.497,0.641,0.63,0.637,0.643,0.462,0.456,0.454,0.459,0.562,0.551,0.567,0.57,0.574,0.57,0.567,0.563,0.573,0.573,0.564,0.577
30.77611111111111,0.089,0.087,0.82,0.858,0.899,0.901,0.085,0.263,0.633,0.629,0.664,0.698,0.833,0.828,0.837,0.836,0.621,0.62,0.633,0.636,0.716,0.708,0.716,0.718,0.493,0.484,0.496,0.497,0.641,0.63,0.637,0.643,0.461,0.455,0.453,0.458,0.562,0.552,0.567,0.571,0.574,0.57,0.567,0.565,0.574,0.574,0.565,0.578
30.87611111111111,0.089,0.087,0.821,0.858,0.9,0.902,0.086,0.276,0.627,0.628,0.664,0.702,0.833,0.83,0.837,0.836,0.62,0.619,0.633,0.636,0.716,0.709,0.717,0.719,0.494,0.485,0.496,0.498,0.642,0.631,0.638,0.644,0.46,0.455,0.453,0.459,0.563,0.553,0.568,0.572,0.574,0.57,0.569,0.565,0.575,0.575,0.566,0.58
30.97611111111111,0.089,0.086,0.822,0.862,0.904,0.903,0.085,0.29,0.627,0.63,0.664,0.7,0.835,0.832,0.839,0.838,0.62,0.619,0.633,0.636,0.717,0.709,0.717,0.719,0.494,0.486,0.497,0.498,0.642,0.631,0.638,0.644,0.459,0.454,0.452,0.459,0.564,0.554,0.57,0.573,0.574,0.571,0.568,0.566,0.576,0.576,0.567,0.58
31.07611111111111,0.089,0.086,0.827,0.861,0.903,0.909,0.085,0.306,0.628,0.629,0.665,0.699,0.836,0.833,0.838,0.839,0.619,0.619,0.633,0.636,0.718,0.71,0.718,0.72,0.494,0.486,0.498,0.499,0.642,0.631,0.638,0.644,0.459,0.453,0.453,0.458,0.566,0.554,0.571,0.574,0.574,0.571,0.569,0.567,0.577,0.577,0.568,0.582
31.17611111111111,0.089,0.087,0.83,0.861,0.902,0.909,0.085,0.322,0.635,0.628,0.666,0.7,0.836,0.832,0.839,0.838,0.62,0.618,0.634,0.636,0.718,0.71,0.719,0.72,0.494,0.486,0.497,0.499,0.643,0.631,0.639,0.644,0.459,0.453,0.452,0.458,0.566,0.556,0.572,0.575,0.574,0.57,0.57,0.568,0.578,0.578,0.57,0.583
